feature,coef,importance,sign
vol_4w,0.0644962677282174,0.0644962677282174,1.0
ret_5d,-0.03258035849953875,0.03258035849953875,-1.0
vol_growth,0.008795608084474427,0.008795608084474427,1.0
