feature,coef,importance,sign
close_mean,-0.2591711908426752,0.2591711908426752,-1.0
ret_1d,0.02667103188945702,0.02667103188945702,1.0
vol_4w,0.021160502078283894,0.021160502078283894,1.0
vol_growth,0.01739814397521275,0.01739814397521275,1.0
