feature,coef,importance,sign
top5_4w_share,0.4719801979443481,0.4719801979443481,1.0
pub_growth,-0.14535678596495102,0.14535678596495102,-1.0
vol_4w,-0.09204312183591218,0.09204312183591218,-1.0
top3_4w_share,0.06745543531112257,0.06745543531112257,1.0
ret_5d,0.03975299752804652,0.03975299752804652,1.0
vol_growth,0.004184581639067444,0.004184581639067444,1.0
pub_4w,0.00039473606445851917,0.00039473606445851917,1.0
