feature,coef,importance,sign
pub_growth,-0.28444848237625037,0.28444848237625037,-1.0
pub_4w,0.13416162401631698,0.13416162401631698,1.0
top3_4w_share,0.1118767954662104,0.1118767954662104,1.0
top5_4w_share,0.09807702687004931,0.09807702687004931,1.0
vol_4w,0.05519288243773979,0.05519288243773979,1.0
vol_growth,0.04515844586742391,0.04515844586742391,1.0
ret_5d,-0.04445054880756324,0.04445054880756324,-1.0
