feature,coef,importance,sign
close_mean,-0.5973191063107551,0.5973191063107551,-1.0
vol_4w,-0.18882008362772895,0.18882008362772895,-1.0
ret_1d,-0.02567532566654218,0.02567532566654218,-1.0
vol_growth,0.0015342023661732988,0.0015342023661732988,1.0
