feature,coef,importance,sign
close_mean,-0.6974328690573375,0.6974328690573375,-1.0
vol_4w,-0.26320743330533963,0.26320743330533963,-1.0
pub_4w,0.26206187782209606,0.26206187782209606,1.0
pub_growth,-0.18833270725268958,0.18833270725268958,-1.0
ret_1d,-0.037558768072115827,0.037558768072115827,-1.0
vol_growth,0.0016367194739231445,0.0016367194739231445,1.0
