feature,coef,importance,sign
vol_4w,-0.11559048619751479,0.11559048619751479,-1.0
ret_5d,0.05585833538945748,0.05585833538945748,1.0
vol_growth,-0.005097673130776015,0.005097673130776015,-1.0
