{
  "nopub": {
    "logit": {
      "roc_auc": 0.5602536997885834,
      "pr_auc": 0.6469620211003472,
      "accuracy": 0.5526315789473685,
      "classification_report": {
        "0": {
          "precision": 0.4878048780487805,
          "recall": 0.6060606060606061,
          "f1-score": 0.5405405405405406,
          "support": 33.0
        },
        "1": {
          "precision": 0.6285714285714286,
          "recall": 0.5116279069767442,
          "f1-score": 0.5641025641025641,
          "support": 43.0
        },
        "accuracy": 0.5526315789473685,
        "macro avg": {
          "precision": 0.5581881533101045,
          "recall": 0.5588442565186751,
          "f1-score": 0.5523215523215523,
          "support": 76.0
        },
        "weighted avg": {
          "precision": 0.5674491105813314,
          "recall": 0.5526315789473685,
          "f1-score": 0.5538716854506328,
          "support": 76.0
        }
      },
      "roc_plot": "/Users/xiaogouzuomeng/Documents/publication_stock_price_prediction/data/reports/plots/AI_ROC_logit_withcat_nopub_20240905-20250905.png",
      "pr_plot": "/Users/xiaogouzuomeng/Documents/publication_stock_price_prediction/data/reports/plots/AI_PR_logit_withcat_nopub_20240905-20250905.png"
    },
    "rf": {
      "roc_auc": 0.43481324876673716,
      "pr_auc": 0.5215437849538501,
      "accuracy": 0.5131578947368421,
      "classification_report": {
        "0": {
          "precision": 0.42857142857142855,
          "recall": 0.36363636363636365,
          "f1-score": 0.39344262295081966,
          "support": 33.0
        },
        "1": {
          "precision": 0.5625,
          "recall": 0.627906976744186,
          "f1-score": 0.5934065934065934,
          "support": 43.0
        },
        "accuracy": 0.5131578947368421,
        "macro avg": {
          "precision": 0.4955357142857143,
          "recall": 0.49577167019027485,
          "f1-score": 0.49342460817870654,
          "support": 76.0
        },
        "weighted avg": {
          "precision": 0.5043468045112781,
          "recall": 0.5131578947368421,
          "f1-score": 0.5065801325507969,
          "support": 76.0
        }
      },
      "roc_plot": "/Users/xiaogouzuomeng/Documents/publication_stock_price_prediction/data/reports/plots/AI_ROC_rf_withcat_nopub_20240905-20250905.png",
      "pr_plot": "/Users/xiaogouzuomeng/Documents/publication_stock_price_prediction/data/reports/plots/AI_PR_rf_withcat_nopub_20240905-20250905.png"
    },
    "xgb": {
      "roc_auc": 0.5151515151515151,
      "pr_auc": 0.6003759191553353,
      "accuracy": 0.5,
      "classification_report": {
        "0": {
          "precision": 0.4074074074074074,
          "recall": 0.3333333333333333,
          "f1-score": 0.36666666666666664,
          "support": 33.0
        },
        "1": {
          "precision": 0.5510204081632653,
          "recall": 0.627906976744186,
          "f1-score": 0.5869565217391305,
          "support": 43.0
        },
        "accuracy": 0.5,
        "macro avg": {
          "precision": 0.47921390778533635,
          "recall": 0.48062015503875966,
          "f1-score": 0.47681159420289854,
          "support": 76.0
        },
        "weighted avg": {
          "precision": 0.48866213151927435,
          "recall": 0.5,
          "f1-score": 0.491304347826087,
          "support": 76.0
        }
      },
      "roc_plot": "/Users/xiaogouzuomeng/Documents/publication_stock_price_prediction/data/reports/plots/AI_ROC_xgb_withcat_nopub_20240905-20250905.png",
      "pr_plot": "/Users/xiaogouzuomeng/Documents/publication_stock_price_prediction/data/reports/plots/AI_PR_xgb_withcat_nopub_20240905-20250905.png"
    }
  },
  "withpub": {
    "logit": {
      "roc_auc": 0.5743481324876674,
      "pr_auc": 0.6995217095716768,
      "accuracy": 0.5394736842105263,
      "classification_report": {
        "0": {
          "precision": 0.4666666666666667,
          "recall": 0.42424242424242425,
          "f1-score": 0.4444444444444444,
          "support": 33.0
        },
        "1": {
          "precision": 0.5869565217391305,
          "recall": 0.627906976744186,
          "f1-score": 0.6067415730337079,
          "support": 43.0
        },
        "accuracy": 0.5394736842105263,
        "macro avg": {
          "precision": 0.5268115942028986,
          "recall": 0.5260747004933052,
          "f1-score": 0.5255930087390761,
          "support": 76.0
        },
        "weighted avg": {
          "precision": 0.5347254004576659,
          "recall": 0.5394736842105263,
          "f1-score": 0.5362704514094224,
          "support": 76.0
        }
      },
      "roc_plot": "/Users/xiaogouzuomeng/Documents/publication_stock_price_prediction/data/reports/plots/AI_ROC_logit_withcat_withpub_20240905-20250905.png",
      "pr_plot": "/Users/xiaogouzuomeng/Documents/publication_stock_price_prediction/data/reports/plots/AI_PR_logit_withcat_withpub_20240905-20250905.png"
    },
    "rf": {
      "roc_auc": 0.43622269203664554,
      "pr_auc": 0.5436738144962674,
      "accuracy": 0.4605263157894737,
      "classification_report": {
        "0": {
          "precision": 0.25,
          "recall": 0.12121212121212122,
          "f1-score": 0.16326530612244897,
          "support": 33.0
        },
        "1": {
          "precision": 0.5166666666666667,
          "recall": 0.7209302325581395,
          "f1-score": 0.6019417475728155,
          "support": 43.0
        },
        "accuracy": 0.4605263157894737,
        "macro avg": {
          "precision": 0.38333333333333336,
          "recall": 0.42107117688513035,
          "f1-score": 0.3826035268476322,
          "support": 76.0
        },
        "weighted avg": {
          "precision": 0.40087719298245617,
          "recall": 0.4605263157894737,
          "f1-score": 0.41146381904831425,
          "support": 76.0
        }
      },
      "roc_plot": "/Users/xiaogouzuomeng/Documents/publication_stock_price_prediction/data/reports/plots/AI_ROC_rf_withcat_withpub_20240905-20250905.png",
      "pr_plot": "/Users/xiaogouzuomeng/Documents/publication_stock_price_prediction/data/reports/plots/AI_PR_rf_withcat_withpub_20240905-20250905.png"
    },
    "xgb": {
      "roc_auc": 0.42917547568710357,
      "pr_auc": 0.5548862346063839,
      "accuracy": 0.47368421052631576,
      "classification_report": {
        "0": {
          "precision": 0.23076923076923078,
          "recall": 0.09090909090909091,
          "f1-score": 0.13043478260869565,
          "support": 33.0
        },
        "1": {
          "precision": 0.5238095238095238,
          "recall": 0.7674418604651163,
          "f1-score": 0.6226415094339622,
          "support": 43.0
        },
        "accuracy": 0.47368421052631576,
        "macro avg": {
          "precision": 0.3772893772893773,
          "recall": 0.4291754756871036,
          "f1-score": 0.37653814602132896,
          "support": 76.0
        },
        "weighted avg": {
          "precision": 0.39656834393676504,
          "recall": 0.47368421052631576,
          "f1-score": 0.4089201675229912,
          "support": 76.0
        }
      },
      "roc_plot": "/Users/xiaogouzuomeng/Documents/publication_stock_price_prediction/data/reports/plots/AI_ROC_xgb_withcat_withpub_20240905-20250905.png",
      "pr_plot": "/Users/xiaogouzuomeng/Documents/publication_stock_price_prediction/data/reports/plots/AI_PR_xgb_withcat_withpub_20240905-20250905.png"
    }
  }
}