{
  "nopub": {
    "logit": {
      "roc_auc": 0.599324804548685,
      "pr_auc": 0.664497394886989,
      "accuracy": 0.5827814569536424,
      "classification_report": {
        "0": {
          "precision": 0.5370370370370371,
          "recall": 0.43283582089552236,
          "f1-score": 0.4793388429752066,
          "support": 67.0
        },
        "1": {
          "precision": 0.6082474226804123,
          "recall": 0.7023809523809523,
          "f1-score": 0.6519337016574586,
          "support": 84.0
        },
        "accuracy": 0.5827814569536424,
        "macro avg": {
          "precision": 0.5726422298587247,
          "recall": 0.5676083866382373,
          "f1-score": 0.5656362723163326,
          "support": 151.0
        },
        "weighted avg": {
          "precision": 0.5766507615009014,
          "recall": 0.5827814569536423,
          "f1-score": 0.5753518769441415,
          "support": 151.0
        }
      },
      "roc_plot": "/Users/xiaogouzuomeng/Documents/publication_stock_price_prediction/data/reports/plots/AI_ROC_logit_withcat_nopub_20230905-20250905.png",
      "pr_plot": "/Users/xiaogouzuomeng/Documents/publication_stock_price_prediction/data/reports/plots/AI_PR_logit_withcat_nopub_20230905-20250905.png"
    },
    "rf": {
      "roc_auc": 0.5035536602700781,
      "pr_auc": 0.5518519444756406,
      "accuracy": 0.5496688741721855,
      "classification_report": {
        "0": {
          "precision": 0.48717948717948717,
          "recall": 0.2835820895522388,
          "f1-score": 0.3584905660377358,
          "support": 67.0
        },
        "1": {
          "precision": 0.5714285714285714,
          "recall": 0.7619047619047619,
          "f1-score": 0.6530612244897959,
          "support": 84.0
        },
        "accuracy": 0.5496688741721855,
        "macro avg": {
          "precision": 0.5293040293040293,
          "recall": 0.5227434257285003,
          "f1-score": 0.5057758952637659,
          "support": 151.0
        },
        "weighted avg": {
          "precision": 0.5340465274240108,
          "recall": 0.5496688741721855,
          "f1-score": 0.5223576872958354,
          "support": 151.0
        }
      },
      "roc_plot": "/Users/xiaogouzuomeng/Documents/publication_stock_price_prediction/data/reports/plots/AI_ROC_rf_withcat_nopub_20230905-20250905.png",
      "pr_plot": "/Users/xiaogouzuomeng/Documents/publication_stock_price_prediction/data/reports/plots/AI_PR_rf_withcat_nopub_20230905-20250905.png"
    },
    "xgb": {
      "roc_auc": 0.5538379530916845,
      "pr_auc": 0.5929543726249336,
      "accuracy": 0.5562913907284768,
      "classification_report": {
        "0": {
          "precision": 0.5,
          "recall": 0.208955223880597,
          "f1-score": 0.29473684210526313,
          "support": 67.0
        },
        "1": {
          "precision": 0.5691056910569106,
          "recall": 0.8333333333333334,
          "f1-score": 0.6763285024154589,
          "support": 84.0
        },
        "accuracy": 0.5562913907284768,
        "macro avg": {
          "precision": 0.5345528455284553,
          "recall": 0.5211442786069652,
          "f1-score": 0.485532672260361,
          "support": 151.0
        },
        "weighted avg": {
          "precision": 0.5384429009853013,
          "recall": 0.5562913907284768,
          "f1-score": 0.5070129975096105,
          "support": 151.0
        }
      },
      "roc_plot": "/Users/xiaogouzuomeng/Documents/publication_stock_price_prediction/data/reports/plots/AI_ROC_xgb_withcat_nopub_20230905-20250905.png",
      "pr_plot": "/Users/xiaogouzuomeng/Documents/publication_stock_price_prediction/data/reports/plots/AI_PR_xgb_withcat_nopub_20230905-20250905.png"
    }
  },
  "withpub": {
    "logit": {
      "roc_auc": 0.625088841506752,
      "pr_auc": 0.6737064039058458,
      "accuracy": 0.6158940397350994,
      "classification_report": {
        "0": {
          "precision": 0.5652173913043478,
          "recall": 0.582089552238806,
          "f1-score": 0.5735294117647058,
          "support": 67.0
        },
        "1": {
          "precision": 0.6585365853658537,
          "recall": 0.6428571428571429,
          "f1-score": 0.6506024096385542,
          "support": 84.0
        },
        "accuracy": 0.6158940397350994,
        "macro avg": {
          "precision": 0.6118769883351007,
          "recall": 0.6124733475479744,
          "f1-score": 0.61206591070163,
          "support": 151.0
        },
        "weighted avg": {
          "precision": 0.6171300555504835,
          "recall": 0.6158940397350994,
          "f1-score": 0.6164044569395619,
          "support": 151.0
        }
      },
      "roc_plot": "/Users/xiaogouzuomeng/Documents/publication_stock_price_prediction/data/reports/plots/AI_ROC_logit_withcat_withpub_20230905-20250905.png",
      "pr_plot": "/Users/xiaogouzuomeng/Documents/publication_stock_price_prediction/data/reports/plots/AI_PR_logit_withcat_withpub_20230905-20250905.png"
    },
    "rf": {
      "roc_auc": 0.4946695095948827,
      "pr_auc": 0.538920938329396,
      "accuracy": 0.5231788079470199,
      "classification_report": {
        "0": {
          "precision": 0.42857142857142855,
          "recall": 0.22388059701492538,
          "f1-score": 0.29411764705882354,
          "support": 67.0
        },
        "1": {
          "precision": 0.5517241379310345,
          "recall": 0.7619047619047619,
          "f1-score": 0.64,
          "support": 84.0
        },
        "accuracy": 0.5231788079470199,
        "macro avg": {
          "precision": 0.49014778325123154,
          "recall": 0.4928926794598436,
          "f1-score": 0.46705882352941175,
          "support": 151.0
        },
        "weighted avg": {
          "precision": 0.49708022053306367,
          "recall": 0.5231788079470199,
          "f1-score": 0.48652902220490846,
          "support": 151.0
        }
      },
      "roc_plot": "/Users/xiaogouzuomeng/Documents/publication_stock_price_prediction/data/reports/plots/AI_ROC_rf_withcat_withpub_20230905-20250905.png",
      "pr_plot": "/Users/xiaogouzuomeng/Documents/publication_stock_price_prediction/data/reports/plots/AI_PR_rf_withcat_withpub_20230905-20250905.png"
    },
    "xgb": {
      "roc_auc": 0.5236318407960199,
      "pr_auc": 0.5655334958315764,
      "accuracy": 0.5629139072847682,
      "classification_report": {
        "0": {
          "precision": 0.5151515151515151,
          "recall": 0.2537313432835821,
          "f1-score": 0.34,
          "support": 67.0
        },
        "1": {
          "precision": 0.576271186440678,
          "recall": 0.8095238095238095,
          "f1-score": 0.6732673267326733,
          "support": 84.0
        },
        "accuracy": 0.5629139072847682,
        "macro avg": {
          "precision": 0.5457113507960966,
          "recall": 0.5316275764036958,
          "f1-score": 0.5066336633663366,
          "support": 151.0
        },
        "weighted avg": {
          "precision": 0.5491518620938309,
          "recall": 0.5629139072847682,
          "f1-score": 0.5253937446724806,
          "support": 151.0
        }
      },
      "roc_plot": "/Users/xiaogouzuomeng/Documents/publication_stock_price_prediction/data/reports/plots/AI_ROC_xgb_withcat_withpub_20230905-20250905.png",
      "pr_plot": "/Users/xiaogouzuomeng/Documents/publication_stock_price_prediction/data/reports/plots/AI_PR_xgb_withcat_withpub_20230905-20250905.png"
    }
  }
}