{
  "nopub": {
    "logit": {
      "roc_auc": 0.6122994652406418,
      "pr_auc": 0.6596038280863608,
      "classification_report": {
        "0": {
          "precision": 0.4552238805970149,
          "recall": 0.9242424242424242,
          "f1-score": 0.61,
          "support": 66.0
        },
        "1": {
          "precision": 0.7058823529411765,
          "recall": 0.1411764705882353,
          "f1-score": 0.23529411764705882,
          "support": 85.0
        },
        "accuracy": 0.48344370860927155,
        "macro avg": {
          "precision": 0.5805531167690957,
          "recall": 0.5327094474153298,
          "f1-score": 0.4226470588235294,
          "support": 151.0
        },
        "weighted avg": {
          "precision": 0.596323020658298,
          "recall": 0.48344370860927155,
          "f1-score": 0.3990728476821192,
          "support": 151.0
        }
      },
      "roc_plot": "/Users/xiaogouzuomeng/Documents/publication_stock_price_prediction/data/reports/plots/AI_ROC_logit_nocat_nopub_20230905-20250905.png",
      "pr_plot": "/Users/xiaogouzuomeng/Documents/publication_stock_price_prediction/data/reports/plots/AI_PR_logit_nocat_nopub_20230905-20250905.png"
    },
    "rf": {
      "roc_auc": 0.5442067736185383,
      "pr_auc": 0.6252474999626934,
      "classification_report": {
        "0": {
          "precision": 0.46153846153846156,
          "recall": 0.8181818181818182,
          "f1-score": 0.5901639344262295,
          "support": 66.0
        },
        "1": {
          "precision": 0.6470588235294118,
          "recall": 0.25882352941176473,
          "f1-score": 0.3697478991596639,
          "support": 85.0
        },
        "accuracy": 0.5033112582781457,
        "macro avg": {
          "precision": 0.5542986425339367,
          "recall": 0.5385026737967915,
          "f1-score": 0.4799559167929467,
          "support": 151.0
        },
        "weighted avg": {
          "precision": 0.5659704533876719,
          "recall": 0.5033112582781457,
          "f1-score": 0.46608868278610976,
          "support": 151.0
        }
      },
      "roc_plot": "/Users/xiaogouzuomeng/Documents/publication_stock_price_prediction/data/reports/plots/AI_ROC_rf_nocat_nopub_20230905-20250905.png",
      "pr_plot": "/Users/xiaogouzuomeng/Documents/publication_stock_price_prediction/data/reports/plots/AI_PR_rf_nocat_nopub_20230905-20250905.png"
    },
    "xgb": {
      "roc_auc": 0.5247771836007129,
      "pr_auc": 0.5847324244662888,
      "classification_report": {
        "0": {
          "precision": 0.4528301886792453,
          "recall": 0.7272727272727273,
          "f1-score": 0.5581395348837209,
          "support": 66.0
        },
        "1": {
          "precision": 0.6,
          "recall": 0.3176470588235294,
          "f1-score": 0.4153846153846154,
          "support": 85.0
        },
        "accuracy": 0.4966887417218543,
        "macro avg": {
          "precision": 0.5264150943396226,
          "recall": 0.5224598930481283,
          "f1-score": 0.48676207513416814,
          "support": 151.0
        },
        "weighted avg": {
          "precision": 0.5356741222041734,
          "recall": 0.4966887417218543,
          "f1-score": 0.47778080536435685,
          "support": 151.0
        }
      },
      "roc_plot": "/Users/xiaogouzuomeng/Documents/publication_stock_price_prediction/data/reports/plots/AI_ROC_xgb_nocat_nopub_20230905-20250905.png",
      "pr_plot": "/Users/xiaogouzuomeng/Documents/publication_stock_price_prediction/data/reports/plots/AI_PR_xgb_nocat_nopub_20230905-20250905.png"
    }
  },
  "withpub": {
    "logit": {
      "roc_auc": 0.6345811051693405,
      "pr_auc": 0.6830313862095836,
      "classification_report": {
        "0": {
          "precision": 0.46511627906976744,
          "recall": 0.9090909090909091,
          "f1-score": 0.6153846153846154,
          "support": 66.0
        },
        "1": {
          "precision": 0.7272727272727273,
          "recall": 0.18823529411764706,
          "f1-score": 0.29906542056074764,
          "support": 85.0
        },
        "accuracy": 0.5033112582781457,
        "macro avg": {
          "precision": 0.5961945031712473,
          "recall": 0.548663101604278,
          "f1-score": 0.45722501797268156,
          "support": 151.0
        },
        "weighted avg": {
          "precision": 0.6126877896475925,
          "recall": 0.5033112582781457,
          "f1-score": 0.4373241414771402,
          "support": 151.0
        }
      },
      "roc_plot": "/Users/xiaogouzuomeng/Documents/publication_stock_price_prediction/data/reports/plots/AI_ROC_logit_nocat_withpub_20230905-20250905.png",
      "pr_plot": "/Users/xiaogouzuomeng/Documents/publication_stock_price_prediction/data/reports/plots/AI_PR_logit_nocat_withpub_20230905-20250905.png"
    },
    "rf": {
      "roc_auc": 0.5390374331550802,
      "pr_auc": 0.6087554832439157,
      "classification_report": {
        "0": {
          "precision": 0.4473684210526316,
          "recall": 0.7727272727272727,
          "f1-score": 0.5666666666666667,
          "support": 66.0
        },
        "1": {
          "precision": 0.5945945945945946,
          "recall": 0.25882352941176473,
          "f1-score": 0.36065573770491804,
          "support": 85.0
        },
        "accuracy": 0.48344370860927155,
        "macro avg": {
          "precision": 0.5209815078236131,
          "recall": 0.5157754010695187,
          "f1-score": 0.4636612021857923,
          "support": 151.0
        },
        "weighted avg": {
          "precision": 0.5302440816557233,
          "recall": 0.48344370860927155,
          "f1-score": 0.4507002497014439,
          "support": 151.0
        }
      },
      "roc_plot": "/Users/xiaogouzuomeng/Documents/publication_stock_price_prediction/data/reports/plots/AI_ROC_rf_nocat_withpub_20230905-20250905.png",
      "pr_plot": "/Users/xiaogouzuomeng/Documents/publication_stock_price_prediction/data/reports/plots/AI_PR_rf_nocat_withpub_20230905-20250905.png"
    },
    "xgb": {
      "roc_auc": 0.4989304812834224,
      "pr_auc": 0.5735022650688063,
      "classification_report": {
        "0": {
          "precision": 0.42063492063492064,
          "recall": 0.803030303030303,
          "f1-score": 0.5520833333333334,
          "support": 66.0
        },
        "1": {
          "precision": 0.48,
          "recall": 0.1411764705882353,
          "f1-score": 0.21818181818181817,
          "support": 85.0
        },
        "accuracy": 0.4304635761589404,
        "macro avg": {
          "precision": 0.45031746031746034,
          "recall": 0.4721033868092691,
          "f1-score": 0.38513257575757576,
          "support": 151.0
        },
        "weighted avg": {
          "precision": 0.4540523494165878,
          "recall": 0.4304635761589404,
          "f1-score": 0.3641255267910897,
          "support": 151.0
        }
      },
      "roc_plot": "/Users/xiaogouzuomeng/Documents/publication_stock_price_prediction/data/reports/plots/AI_ROC_xgb_nocat_withpub_20230905-20250905.png",
      "pr_plot": "/Users/xiaogouzuomeng/Documents/publication_stock_price_prediction/data/reports/plots/AI_PR_xgb_nocat_withpub_20230905-20250905.png"
    }
  }
}