{
  "nopub": {
    "logit": {
      "roc_auc": 0.6055258467023173,
      "pr_auc": 0.620521606922241,
      "classification_report": {
        "0": {
          "precision": 0.4608695652173913,
          "recall": 0.803030303030303,
          "f1-score": 0.585635359116022,
          "support": 66.0
        },
        "1": {
          "precision": 0.6388888888888888,
          "recall": 0.27058823529411763,
          "f1-score": 0.38016528925619836,
          "support": 85.0
        },
        "accuracy": 0.5033112582781457,
        "macro avg": {
          "precision": 0.5498792270531401,
          "recall": 0.5368092691622103,
          "f1-score": 0.4829003241861102,
          "support": 151.0
        },
        "weighted avg": {
          "precision": 0.5610791182775058,
          "recall": 0.5033112582781457,
          "f1-score": 0.4699733992611544,
          "support": 151.0
        }
      },
      "roc_plot": "/Users/xiaogouzuomeng/Documents/publication_stock_price_prediction/data/reports/plots/AI_ROC_logit_withcat_nopub_20230905-20250905.png",
      "pr_plot": "/Users/xiaogouzuomeng/Documents/publication_stock_price_prediction/data/reports/plots/AI_PR_logit_withcat_nopub_20230905-20250905.png"
    },
    "rf": {
      "roc_auc": 0.5308377896613191,
      "pr_auc": 0.6036366263186268,
      "classification_report": {
        "0": {
          "precision": 0.452991452991453,
          "recall": 0.803030303030303,
          "f1-score": 0.5792349726775956,
          "support": 66.0
        },
        "1": {
          "precision": 0.6176470588235294,
          "recall": 0.24705882352941178,
          "f1-score": 0.35294117647058826,
          "support": 85.0
        },
        "accuracy": 0.4900662251655629,
        "macro avg": {
          "precision": 0.5353192559074912,
          "recall": 0.5250445632798574,
          "f1-score": 0.46608807457409196,
          "support": 151.0
        },
        "weighted avg": {
          "precision": 0.5456783834267278,
          "recall": 0.4900662251655629,
          "f1-score": 0.451851047660406,
          "support": 151.0
        }
      },
      "roc_plot": "/Users/xiaogouzuomeng/Documents/publication_stock_price_prediction/data/reports/plots/AI_ROC_rf_withcat_nopub_20230905-20250905.png",
      "pr_plot": "/Users/xiaogouzuomeng/Documents/publication_stock_price_prediction/data/reports/plots/AI_PR_rf_withcat_nopub_20230905-20250905.png"
    },
    "xgb": {
      "roc_auc": 0.5258467023172906,
      "pr_auc": 0.5884575846655182,
      "classification_report": {
        "0": {
          "precision": 0.44545454545454544,
          "recall": 0.7424242424242424,
          "f1-score": 0.5568181818181818,
          "support": 66.0
        },
        "1": {
          "precision": 0.5853658536585366,
          "recall": 0.2823529411764706,
          "f1-score": 0.38095238095238093,
          "support": 85.0
        },
        "accuracy": 0.48344370860927155,
        "macro avg": {
          "precision": 0.515410199556541,
          "recall": 0.5123885918003566,
          "f1-score": 0.46888528138528135,
          "support": 151.0
        },
        "weighted avg": {
          "precision": 0.5242125666289775,
          "recall": 0.48344370860927155,
          "f1-score": 0.4578208766950489,
          "support": 151.0
        }
      },
      "roc_plot": "/Users/xiaogouzuomeng/Documents/publication_stock_price_prediction/data/reports/plots/AI_ROC_xgb_withcat_nopub_20230905-20250905.png",
      "pr_plot": "/Users/xiaogouzuomeng/Documents/publication_stock_price_prediction/data/reports/plots/AI_PR_xgb_withcat_nopub_20230905-20250905.png"
    }
  },
  "withpub": {
    "logit": {
      "roc_auc": 0.6304812834224598,
      "pr_auc": 0.6542522593370778,
      "classification_report": {
        "0": {
          "precision": 0.475,
          "recall": 0.8636363636363636,
          "f1-score": 0.6129032258064516,
          "support": 66.0
        },
        "1": {
          "precision": 0.7096774193548387,
          "recall": 0.25882352941176473,
          "f1-score": 0.3793103448275862,
          "support": 85.0
        },
        "accuracy": 0.5231788079470199,
        "macro avg": {
          "precision": 0.5923387096774193,
          "recall": 0.5612299465240642,
          "f1-score": 0.4961067853170189,
          "support": 151.0
        },
        "weighted avg": {
          "precision": 0.6071031830805383,
          "recall": 0.5231788079470199,
          "f1-score": 0.48141054446073267,
          "support": 151.0
        }
      },
      "roc_plot": "/Users/xiaogouzuomeng/Documents/publication_stock_price_prediction/data/reports/plots/AI_ROC_logit_withcat_withpub_20230905-20250905.png",
      "pr_plot": "/Users/xiaogouzuomeng/Documents/publication_stock_price_prediction/data/reports/plots/AI_PR_logit_withcat_withpub_20230905-20250905.png"
    },
    "rf": {
      "roc_auc": 0.5290552584670232,
      "pr_auc": 0.5981720068786652,
      "classification_report": {
        "0": {
          "precision": 0.4375,
          "recall": 0.7424242424242424,
          "f1-score": 0.550561797752809,
          "support": 66.0
        },
        "1": {
          "precision": 0.5641025641025641,
          "recall": 0.25882352941176473,
          "f1-score": 0.3548387096774194,
          "support": 85.0
        },
        "accuracy": 0.47019867549668876,
        "macro avg": {
          "precision": 0.500801282051282,
          "recall": 0.5006238859180036,
          "f1-score": 0.4527002537151142,
          "support": 151.0
        },
        "weighted avg": {
          "precision": 0.5087663440312448,
          "recall": 0.47019867549668876,
          "f1-score": 0.44038654949845063,
          "support": 151.0
        }
      },
      "roc_plot": "/Users/xiaogouzuomeng/Documents/publication_stock_price_prediction/data/reports/plots/AI_ROC_rf_withcat_withpub_20230905-20250905.png",
      "pr_plot": "/Users/xiaogouzuomeng/Documents/publication_stock_price_prediction/data/reports/plots/AI_PR_rf_withcat_withpub_20230905-20250905.png"
    },
    "xgb": {
      "roc_auc": 0.5014260249554368,
      "pr_auc": 0.578654355800918,
      "classification_report": {
        "0": {
          "precision": 0.41935483870967744,
          "recall": 0.7878787878787878,
          "f1-score": 0.5473684210526316,
          "support": 66.0
        },
        "1": {
          "precision": 0.48148148148148145,
          "recall": 0.15294117647058825,
          "f1-score": 0.23214285714285715,
          "support": 85.0
        },
        "accuracy": 0.4304635761589404,
        "macro avg": {
          "precision": 0.45041816009557945,
          "recall": 0.47040998217468805,
          "f1-score": 0.38975563909774436,
          "support": 151.0
        },
        "weighted avg": {
          "precision": 0.4543267899388387,
          "recall": 0.4304635761589404,
          "f1-score": 0.369923567196136,
          "support": 151.0
        }
      },
      "roc_plot": "/Users/xiaogouzuomeng/Documents/publication_stock_price_prediction/data/reports/plots/AI_ROC_xgb_withcat_withpub_20230905-20250905.png",
      "pr_plot": "/Users/xiaogouzuomeng/Documents/publication_stock_price_prediction/data/reports/plots/AI_PR_xgb_withcat_withpub_20230905-20250905.png"
    }
  }
}