{
  "nopub": {
    "logit": {
      "roc_auc": 0.4186211798152097,
      "pr_auc": 0.5451789992136594,
      "accuracy": 0.423841059602649,
      "classification_report": {
        "0": {
          "precision": 0.3148148148148148,
          "recall": 0.2537313432835821,
          "f1-score": 0.2809917355371901,
          "support": 67.0
        },
        "1": {
          "precision": 0.4845360824742268,
          "recall": 0.5595238095238095,
          "f1-score": 0.5193370165745856,
          "support": 84.0
        },
        "accuracy": 0.423841059602649,
        "macro avg": {
          "precision": 0.3996754486445208,
          "recall": 0.40662757640369585,
          "f1-score": 0.40016437605588784,
          "support": 151.0
        },
        "weighted avg": {
          "precision": 0.40922929483726916,
          "recall": 0.423841059602649,
          "f1-score": 0.41358116339905254,
          "support": 151.0
        }
      },
      "roc_plot": "/Users/xiaogouzuomeng/Documents/publication_stock_price_prediction/data/reports/plots/AI_ROC_logit_nocat_nopub_20230905-20250905.png",
      "pr_plot": "/Users/xiaogouzuomeng/Documents/publication_stock_price_prediction/data/reports/plots/AI_PR_logit_nocat_nopub_20230905-20250905.png"
    },
    "rf": {
      "roc_auc": 0.4331911869225302,
      "pr_auc": 0.5046812975918642,
      "accuracy": 0.4966887417218543,
      "classification_report": {
        "0": {
          "precision": 0.37142857142857144,
          "recall": 0.19402985074626866,
          "f1-score": 0.2549019607843137,
          "support": 67.0
        },
        "1": {
          "precision": 0.5344827586206896,
          "recall": 0.7380952380952381,
          "f1-score": 0.62,
          "support": 84.0
        },
        "accuracy": 0.4966887417218543,
        "macro avg": {
          "precision": 0.4529556650246305,
          "recall": 0.4660625444207534,
          "f1-score": 0.43745098039215685,
          "support": 151.0
        },
        "weighted avg": {
          "precision": 0.4621342119857762,
          "recall": 0.4966887417218543,
          "f1-score": 0.4580028567718478,
          "support": 151.0
        }
      },
      "roc_plot": "/Users/xiaogouzuomeng/Documents/publication_stock_price_prediction/data/reports/plots/AI_ROC_rf_nocat_nopub_20230905-20250905.png",
      "pr_plot": "/Users/xiaogouzuomeng/Documents/publication_stock_price_prediction/data/reports/plots/AI_PR_rf_nocat_nopub_20230905-20250905.png"
    },
    "xgb": {
      "roc_auc": 0.49218194740582805,
      "pr_auc": 0.5779522589331773,
      "accuracy": 0.5231788079470199,
      "classification_report": {
        "0": {
          "precision": 0.43902439024390244,
          "recall": 0.26865671641791045,
          "f1-score": 0.3333333333333333,
          "support": 67.0
        },
        "1": {
          "precision": 0.5545454545454546,
          "recall": 0.7261904761904762,
          "f1-score": 0.6288659793814433,
          "support": 84.0
        },
        "accuracy": 0.5231788079470199,
        "macro avg": {
          "precision": 0.49678492239467853,
          "recall": 0.4974235963041933,
          "f1-score": 0.4810996563573883,
          "support": 151.0
        },
        "weighted avg": {
          "precision": 0.5032877637626467,
          "recall": 0.5231788079470199,
          "f1-score": 0.49773560000910305,
          "support": 151.0
        }
      },
      "roc_plot": "/Users/xiaogouzuomeng/Documents/publication_stock_price_prediction/data/reports/plots/AI_ROC_xgb_nocat_nopub_20230905-20250905.png",
      "pr_plot": "/Users/xiaogouzuomeng/Documents/publication_stock_price_prediction/data/reports/plots/AI_PR_xgb_nocat_nopub_20230905-20250905.png"
    }
  },
  "withpub": {
    "logit": {
      "roc_auc": 0.5120824449182657,
      "pr_auc": 0.5815708848741785,
      "accuracy": 0.5231788079470199,
      "classification_report": {
        "0": {
          "precision": 0.4657534246575342,
          "recall": 0.5074626865671642,
          "f1-score": 0.4857142857142857,
          "support": 67.0
        },
        "1": {
          "precision": 0.5769230769230769,
          "recall": 0.5357142857142857,
          "f1-score": 0.5555555555555556,
          "support": 84.0
        },
        "accuracy": 0.5231788079470199,
        "macro avg": {
          "precision": 0.5213382507903055,
          "recall": 0.521588486140725,
          "f1-score": 0.5206349206349207,
          "support": 151.0
        },
        "weighted avg": {
          "precision": 0.5275961451231341,
          "recall": 0.5231788079470199,
          "f1-score": 0.5245663828445286,
          "support": 151.0
        }
      },
      "roc_plot": "/Users/xiaogouzuomeng/Documents/publication_stock_price_prediction/data/reports/plots/AI_ROC_logit_nocat_withpub_20230905-20250905.png",
      "pr_plot": "/Users/xiaogouzuomeng/Documents/publication_stock_price_prediction/data/reports/plots/AI_PR_logit_nocat_withpub_20230905-20250905.png"
    },
    "rf": {
      "roc_auc": 0.44012082444918266,
      "pr_auc": 0.5034970190499617,
      "accuracy": 0.5033112582781457,
      "classification_report": {
        "0": {
          "precision": 0.43103448275862066,
          "recall": 0.373134328358209,
          "f1-score": 0.4,
          "support": 67.0
        },
        "1": {
          "precision": 0.5483870967741935,
          "recall": 0.6071428571428571,
          "f1-score": 0.576271186440678,
          "support": 84.0
        },
        "accuracy": 0.5033112582781457,
        "macro avg": {
          "precision": 0.4897107897664071,
          "recall": 0.49013859275053306,
          "f1-score": 0.488135593220339,
          "support": 151.0
        },
        "weighted avg": {
          "precision": 0.49631673161496587,
          "recall": 0.5033112582781457,
          "f1-score": 0.4980581434504434,
          "support": 151.0
        }
      },
      "roc_plot": "/Users/xiaogouzuomeng/Documents/publication_stock_price_prediction/data/reports/plots/AI_ROC_rf_nocat_withpub_20230905-20250905.png",
      "pr_plot": "/Users/xiaogouzuomeng/Documents/publication_stock_price_prediction/data/reports/plots/AI_PR_rf_nocat_withpub_20230905-20250905.png"
    },
    "xgb": {
      "roc_auc": 0.4580668088130775,
      "pr_auc": 0.5310233028046512,
      "accuracy": 0.5099337748344371,
      "classification_report": {
        "0": {
          "precision": 0.4444444444444444,
          "recall": 0.417910447761194,
          "f1-score": 0.4307692307692308,
          "support": 67.0
        },
        "1": {
          "precision": 0.5568181818181818,
          "recall": 0.5833333333333334,
          "f1-score": 0.5697674418604651,
          "support": 84.0
        },
        "accuracy": 0.5099337748344371,
        "macro avg": {
          "precision": 0.5006313131313131,
          "recall": 0.5006218905472637,
          "f1-score": 0.5002683363148479,
          "support": 151.0
        },
        "weighted avg": {
          "precision": 0.5069569870894374,
          "recall": 0.5099337748344371,
          "f1-score": 0.5080927389259439,
          "support": 151.0
        }
      },
      "roc_plot": "/Users/xiaogouzuomeng/Documents/publication_stock_price_prediction/data/reports/plots/AI_ROC_xgb_nocat_withpub_20230905-20250905.png",
      "pr_plot": "/Users/xiaogouzuomeng/Documents/publication_stock_price_prediction/data/reports/plots/AI_PR_xgb_nocat_withpub_20230905-20250905.png"
    }
  }
}