{
  "nopub": {
    "logit": {
      "roc_auc": 0.7165697674418605,
      "pr_auc": 0.7817704645340153,
      "classification_report": {
        "0": {
          "precision": 0.4626865671641791,
          "recall": 0.96875,
          "f1-score": 0.6262626262626263,
          "support": 32.0
        },
        "1": {
          "precision": 0.875,
          "recall": 0.16279069767441862,
          "f1-score": 0.27450980392156865,
          "support": 43.0
        },
        "accuracy": 0.5066666666666667,
        "macro avg": {
          "precision": 0.6688432835820896,
          "recall": 0.5657703488372093,
          "f1-score": 0.4503862150920975,
          "support": 75.0
        },
        "weighted avg": {
          "precision": 0.6990796019900497,
          "recall": 0.5066666666666667,
          "f1-score": 0.4245910081204199,
          "support": 75.0
        }
      },
      "roc_plot": "/Users/xiaogouzuomeng/Documents/publication_stock_price_prediction/data/reports/plots/AI_ROC_logit_withcat_nopub_20240905-20250905.png",
      "pr_plot": "/Users/xiaogouzuomeng/Documents/publication_stock_price_prediction/data/reports/plots/AI_PR_logit_withcat_nopub_20240905-20250905.png"
    },
    "rf": {
      "roc_auc": 0.5697674418604651,
      "pr_auc": 0.6892363862802684,
      "classification_report": {
        "0": {
          "precision": 0.46875,
          "recall": 0.9375,
          "f1-score": 0.625,
          "support": 32.0
        },
        "1": {
          "precision": 0.8181818181818182,
          "recall": 0.20930232558139536,
          "f1-score": 0.3333333333333333,
          "support": 43.0
        },
        "accuracy": 0.52,
        "macro avg": {
          "precision": 0.6434659090909092,
          "recall": 0.5734011627906976,
          "f1-score": 0.47916666666666663,
          "support": 75.0
        },
        "weighted avg": {
          "precision": 0.6690909090909092,
          "recall": 0.52,
          "f1-score": 0.45777777777777773,
          "support": 75.0
        }
      },
      "roc_plot": "/Users/xiaogouzuomeng/Documents/publication_stock_price_prediction/data/reports/plots/AI_ROC_rf_withcat_nopub_20240905-20250905.png",
      "pr_plot": "/Users/xiaogouzuomeng/Documents/publication_stock_price_prediction/data/reports/plots/AI_PR_rf_withcat_nopub_20240905-20250905.png"
    },
    "xgb": {
      "roc_auc": 0.5690406976744187,
      "pr_auc": 0.6550523878979573,
      "classification_report": {
        "0": {
          "precision": 0.4375,
          "recall": 0.875,
          "f1-score": 0.5833333333333334,
          "support": 32.0
        },
        "1": {
          "precision": 0.6363636363636364,
          "recall": 0.16279069767441862,
          "f1-score": 0.25925925925925924,
          "support": 43.0
        },
        "accuracy": 0.4666666666666667,
        "macro avg": {
          "precision": 0.5369318181818181,
          "recall": 0.5188953488372093,
          "f1-score": 0.4212962962962963,
          "support": 75.0
        },
        "weighted avg": {
          "precision": 0.5515151515151515,
          "recall": 0.4666666666666667,
          "f1-score": 0.39753086419753086,
          "support": 75.0
        }
      },
      "roc_plot": "/Users/xiaogouzuomeng/Documents/publication_stock_price_prediction/data/reports/plots/AI_ROC_xgb_withcat_nopub_20240905-20250905.png",
      "pr_plot": "/Users/xiaogouzuomeng/Documents/publication_stock_price_prediction/data/reports/plots/AI_PR_xgb_withcat_nopub_20240905-20250905.png"
    }
  },
  "withpub": {
    "logit": {
      "roc_auc": 0.7209302325581396,
      "pr_auc": 0.7799743033556941,
      "classification_report": {
        "0": {
          "precision": 0.4696969696969697,
          "recall": 0.96875,
          "f1-score": 0.6326530612244898,
          "support": 32.0
        },
        "1": {
          "precision": 0.8888888888888888,
          "recall": 0.18604651162790697,
          "f1-score": 0.3076923076923077,
          "support": 43.0
        },
        "accuracy": 0.52,
        "macro avg": {
          "precision": 0.6792929292929293,
          "recall": 0.5773982558139534,
          "f1-score": 0.47017268445839877,
          "support": 75.0
        },
        "weighted avg": {
          "precision": 0.71003367003367,
          "recall": 0.52,
          "f1-score": 0.4463422291993721,
          "support": 75.0
        }
      },
      "roc_plot": "/Users/xiaogouzuomeng/Documents/publication_stock_price_prediction/data/reports/plots/AI_ROC_logit_withcat_withpub_20240905-20250905.png",
      "pr_plot": "/Users/xiaogouzuomeng/Documents/publication_stock_price_prediction/data/reports/plots/AI_PR_logit_withcat_withpub_20240905-20250905.png"
    },
    "rf": {
      "roc_auc": 0.48473837209302323,
      "pr_auc": 0.5979093761596237,
      "classification_report": {
        "0": {
          "precision": 0.4098360655737705,
          "recall": 0.78125,
          "f1-score": 0.5376344086021505,
          "support": 32.0
        },
        "1": {
          "precision": 0.5,
          "recall": 0.16279069767441862,
          "f1-score": 0.24561403508771928,
          "support": 43.0
        },
        "accuracy": 0.4266666666666667,
        "macro avg": {
          "precision": 0.45491803278688525,
          "recall": 0.47202034883720934,
          "f1-score": 0.3916242218449349,
          "support": 75.0
        },
        "weighted avg": {
          "precision": 0.46153005464480873,
          "recall": 0.4266666666666667,
          "f1-score": 0.37020939445387663,
          "support": 75.0
        }
      },
      "roc_plot": "/Users/xiaogouzuomeng/Documents/publication_stock_price_prediction/data/reports/plots/AI_ROC_rf_withcat_withpub_20240905-20250905.png",
      "pr_plot": "/Users/xiaogouzuomeng/Documents/publication_stock_price_prediction/data/reports/plots/AI_PR_rf_withcat_withpub_20240905-20250905.png"
    },
    "xgb": {
      "roc_auc": 0.5334302325581395,
      "pr_auc": 0.6500103286057348,
      "classification_report": {
        "0": {
          "precision": 0.4603174603174603,
          "recall": 0.90625,
          "f1-score": 0.6105263157894737,
          "support": 32.0
        },
        "1": {
          "precision": 0.75,
          "recall": 0.20930232558139536,
          "f1-score": 0.32727272727272727,
          "support": 43.0
        },
        "accuracy": 0.5066666666666667,
        "macro avg": {
          "precision": 0.6051587301587301,
          "recall": 0.5577761627906976,
          "f1-score": 0.4688995215311005,
          "support": 75.0
        },
        "weighted avg": {
          "precision": 0.6264021164021164,
          "recall": 0.5066666666666667,
          "f1-score": 0.4481275917065391,
          "support": 75.0
        }
      },
      "roc_plot": "/Users/xiaogouzuomeng/Documents/publication_stock_price_prediction/data/reports/plots/AI_ROC_xgb_withcat_withpub_20240905-20250905.png",
      "pr_plot": "/Users/xiaogouzuomeng/Documents/publication_stock_price_prediction/data/reports/plots/AI_PR_xgb_withcat_withpub_20240905-20250905.png"
    }
  }
}