{
  "nopub": {
    "logit": {
      "roc_auc": 0.5560028415818139,
      "pr_auc": 0.5891317173199135,
      "accuracy": 0.5398230088495575,
      "classification_report": {
        "0": {
          "precision": 0.49640287769784175,
          "recall": 0.6699029126213593,
          "f1-score": 0.5702479338842975,
          "support": 103.0
        },
        "1": {
          "precision": 0.6091954022988506,
          "recall": 0.43089430894308944,
          "f1-score": 0.5047619047619047,
          "support": 123.0
        },
        "accuracy": 0.5398230088495575,
        "macro avg": {
          "precision": 0.5527991399983462,
          "recall": 0.5503986107822243,
          "f1-score": 0.5375049193231012,
          "support": 226.0
        },
        "weighted avg": {
          "precision": 0.5577899596709572,
          "recall": 0.5398230088495575,
          "f1-score": 0.5346073074150306,
          "support": 226.0
        }
      },
      "roc_plot": "/Users/xiaogouzuomeng/Documents/publication_stock_price_prediction/data/reports/plots/AI_ROC_logit_withcat_nopub_20220905-20250905.png",
      "pr_plot": "/Users/xiaogouzuomeng/Documents/publication_stock_price_prediction/data/reports/plots/AI_PR_logit_withcat_nopub_20220905-20250905.png"
    },
    "rf": {
      "roc_auc": 0.5242718446601942,
      "pr_auc": 0.5394543971326298,
      "accuracy": 0.5309734513274337,
      "classification_report": {
        "0": {
          "precision": 0.48514851485148514,
          "recall": 0.47572815533980584,
          "f1-score": 0.4803921568627451,
          "support": 103.0
        },
        "1": {
          "precision": 0.568,
          "recall": 0.5772357723577236,
          "f1-score": 0.5725806451612904,
          "support": 123.0
        },
        "accuracy": 0.5309734513274337,
        "macro avg": {
          "precision": 0.5265742574257426,
          "recall": 0.5264819638487648,
          "f1-score": 0.5264864010120177,
          "support": 226.0
        },
        "weighted avg": {
          "precision": 0.5302402523438183,
          "recall": 0.5309734513274337,
          "f1-score": 0.5305655376623959,
          "support": 226.0
        }
      },
      "roc_plot": "/Users/xiaogouzuomeng/Documents/publication_stock_price_prediction/data/reports/plots/AI_ROC_rf_withcat_nopub_20220905-20250905.png",
      "pr_plot": "/Users/xiaogouzuomeng/Documents/publication_stock_price_prediction/data/reports/plots/AI_PR_rf_withcat_nopub_20220905-20250905.png"
    },
    "xgb": {
      "roc_auc": 0.5557660430973242,
      "pr_auc": 0.5961812577742646,
      "accuracy": 0.5575221238938053,
      "classification_report": {
        "0": {
          "precision": 0.5217391304347826,
          "recall": 0.34951456310679613,
          "f1-score": 0.4186046511627907,
          "support": 103.0
        },
        "1": {
          "precision": 0.5732484076433121,
          "recall": 0.7317073170731707,
          "f1-score": 0.6428571428571429,
          "support": 123.0
        },
        "accuracy": 0.5575221238938053,
        "macro avg": {
          "precision": 0.5474937690390473,
          "recall": 0.5406109400899834,
          "f1-score": 0.5307308970099668,
          "support": 226.0
        },
        "weighted avg": {
          "precision": 0.5497729405969469,
          "recall": 0.5575221238938053,
          "f1-score": 0.5406535736336108,
          "support": 226.0
        }
      },
      "roc_plot": "/Users/xiaogouzuomeng/Documents/publication_stock_price_prediction/data/reports/plots/AI_ROC_xgb_withcat_nopub_20220905-20250905.png",
      "pr_plot": "/Users/xiaogouzuomeng/Documents/publication_stock_price_prediction/data/reports/plots/AI_PR_xgb_withcat_nopub_20220905-20250905.png"
    }
  },
  "withpub": {
    "logit": {
      "roc_auc": 0.5739205935748678,
      "pr_auc": 0.5894112052445666,
      "accuracy": 0.5796460176991151,
      "classification_report": {
        "0": {
          "precision": 0.5434782608695652,
          "recall": 0.4854368932038835,
          "f1-score": 0.5128205128205128,
          "support": 103.0
        },
        "1": {
          "precision": 0.6044776119402985,
          "recall": 0.6585365853658537,
          "f1-score": 0.6303501945525292,
          "support": 123.0
        },
        "accuracy": 0.5796460176991151,
        "macro avg": {
          "precision": 0.5739779364049318,
          "recall": 0.5719867392848685,
          "f1-score": 0.571585353686521,
          "support": 226.0
        },
        "weighted avg": {
          "precision": 0.5766770227354953,
          "recall": 0.5796460176991151,
          "f1-score": 0.5767857820817429,
          "support": 226.0
        }
      },
      "roc_plot": "/Users/xiaogouzuomeng/Documents/publication_stock_price_prediction/data/reports/plots/AI_ROC_logit_withcat_withpub_20220905-20250905.png",
      "pr_plot": "/Users/xiaogouzuomeng/Documents/publication_stock_price_prediction/data/reports/plots/AI_PR_logit_withcat_withpub_20220905-20250905.png"
    },
    "rf": {
      "roc_auc": 0.5397426789801879,
      "pr_auc": 0.5726135311732388,
      "accuracy": 0.5398230088495575,
      "classification_report": {
        "0": {
          "precision": 0.4857142857142857,
          "recall": 0.1650485436893204,
          "f1-score": 0.2463768115942029,
          "support": 103.0
        },
        "1": {
          "precision": 0.5497382198952879,
          "recall": 0.8536585365853658,
          "f1-score": 0.6687898089171974,
          "support": 123.0
        },
        "accuracy": 0.5398230088495575,
        "macro avg": {
          "precision": 0.5177262528047868,
          "recall": 0.5093535401373431,
          "f1-score": 0.45758331025570015,
          "support": 226.0
        },
        "weighted avg": {
          "precision": 0.5205591702464241,
          "recall": 0.5398230088495575,
          "f1-score": 0.47627415084521324,
          "support": 226.0
        }
      },
      "roc_plot": "/Users/xiaogouzuomeng/Documents/publication_stock_price_prediction/data/reports/plots/AI_ROC_rf_withcat_withpub_20220905-20250905.png",
      "pr_plot": "/Users/xiaogouzuomeng/Documents/publication_stock_price_prediction/data/reports/plots/AI_PR_rf_withcat_withpub_20220905-20250905.png"
    },
    "xgb": {
      "roc_auc": 0.523877180519378,
      "pr_auc": 0.5642120175581011,
      "accuracy": 0.5575221238938053,
      "classification_report": {
        "0": {
          "precision": 0.5306122448979592,
          "recall": 0.2524271844660194,
          "f1-score": 0.34210526315789475,
          "support": 103.0
        },
        "1": {
          "precision": 0.5649717514124294,
          "recall": 0.8130081300813008,
          "f1-score": 0.6666666666666666,
          "support": 123.0
        },
        "accuracy": 0.5575221238938053,
        "macro avg": {
          "precision": 0.5477919981551943,
          "recall": 0.53271765727366,
          "f1-score": 0.5043859649122807,
          "support": 226.0
        },
        "weighted avg": {
          "precision": 0.5493123303018523,
          "recall": 0.5575221238938053,
          "f1-score": 0.5187470889613414,
          "support": 226.0
        }
      },
      "roc_plot": "/Users/xiaogouzuomeng/Documents/publication_stock_price_prediction/data/reports/plots/AI_ROC_xgb_withcat_withpub_20220905-20250905.png",
      "pr_plot": "/Users/xiaogouzuomeng/Documents/publication_stock_price_prediction/data/reports/plots/AI_PR_xgb_withcat_withpub_20220905-20250905.png"
    }
  }
}