{
  "nopub": {
    "logit": {
      "roc_auc": 0.5708245243128963,
      "pr_auc": 0.6262391650372856,
      "accuracy": 0.5263157894736842,
      "classification_report": {
        "0": {
          "precision": 0.4716981132075472,
          "recall": 0.7575757575757576,
          "f1-score": 0.5813953488372093,
          "support": 33.0
        },
        "1": {
          "precision": 0.6521739130434783,
          "recall": 0.3488372093023256,
          "f1-score": 0.45454545454545453,
          "support": 43.0
        },
        "accuracy": 0.5263157894736842,
        "macro avg": {
          "precision": 0.5619360131255127,
          "recall": 0.5532064834390416,
          "f1-score": 0.5179704016913319,
          "support": 76.0
        },
        "weighted avg": {
          "precision": 0.5738094210094555,
          "recall": 0.5263157894736842,
          "f1-score": 0.5096250139089796,
          "support": 76.0
        }
      },
      "roc_plot": "/Users/xiaogouzuomeng/Documents/publication_stock_price_prediction/data/reports/plots/AI_ROC_logit_nocat_nopub_20240905-20250905.png",
      "pr_plot": "/Users/xiaogouzuomeng/Documents/publication_stock_price_prediction/data/reports/plots/AI_PR_logit_nocat_nopub_20240905-20250905.png"
    },
    "rf": {
      "roc_auc": 0.42847075405214935,
      "pr_auc": 0.5162543678571979,
      "accuracy": 0.4868421052631579,
      "classification_report": {
        "0": {
          "precision": 0.3333333333333333,
          "recall": 0.18181818181818182,
          "f1-score": 0.23529411764705882,
          "support": 33.0
        },
        "1": {
          "precision": 0.5344827586206896,
          "recall": 0.7209302325581395,
          "f1-score": 0.6138613861386139,
          "support": 43.0
        },
        "accuracy": 0.4868421052631579,
        "macro avg": {
          "precision": 0.4339080459770115,
          "recall": 0.4513742071881607,
          "f1-score": 0.4245777518928363,
          "support": 76.0
        },
        "weighted avg": {
          "precision": 0.44714156079854805,
          "recall": 0.4868421052631579,
          "f1-score": 0.449483493240965,
          "support": 76.0
        }
      },
      "roc_plot": "/Users/xiaogouzuomeng/Documents/publication_stock_price_prediction/data/reports/plots/AI_ROC_rf_nocat_nopub_20240905-20250905.png",
      "pr_plot": "/Users/xiaogouzuomeng/Documents/publication_stock_price_prediction/data/reports/plots/AI_PR_rf_nocat_nopub_20240905-20250905.png"
    },
    "xgb": {
      "roc_auc": 0.4545454545454546,
      "pr_auc": 0.5632624804194211,
      "accuracy": 0.5131578947368421,
      "classification_report": {
        "0": {
          "precision": 0.4375,
          "recall": 0.42424242424242425,
          "f1-score": 0.4307692307692308,
          "support": 33.0
        },
        "1": {
          "precision": 0.5681818181818182,
          "recall": 0.5813953488372093,
          "f1-score": 0.5747126436781609,
          "support": 43.0
        },
        "accuracy": 0.5131578947368421,
        "macro avg": {
          "precision": 0.5028409090909092,
          "recall": 0.5028188865398168,
          "f1-score": 0.5027409372236958,
          "support": 76.0
        },
        "weighted avg": {
          "precision": 0.5114383971291867,
          "recall": 0.5131578947368421,
          "f1-score": 0.5122108985992834,
          "support": 76.0
        }
      },
      "roc_plot": "/Users/xiaogouzuomeng/Documents/publication_stock_price_prediction/data/reports/plots/AI_ROC_xgb_nocat_nopub_20240905-20250905.png",
      "pr_plot": "/Users/xiaogouzuomeng/Documents/publication_stock_price_prediction/data/reports/plots/AI_PR_xgb_nocat_nopub_20240905-20250905.png"
    }
  },
  "withpub": {
    "logit": {
      "roc_auc": 0.4904862579281184,
      "pr_auc": 0.6065123909852419,
      "accuracy": 0.47368421052631576,
      "classification_report": {
        "0": {
          "precision": 0.42857142857142855,
          "recall": 0.6363636363636364,
          "f1-score": 0.5121951219512195,
          "support": 33.0
        },
        "1": {
          "precision": 0.5555555555555556,
          "recall": 0.3488372093023256,
          "f1-score": 0.42857142857142855,
          "support": 43.0
        },
        "accuracy": 0.47368421052631576,
        "macro avg": {
          "precision": 0.4920634920634921,
          "recall": 0.492600422832981,
          "f1-score": 0.47038327526132406,
          "support": 76.0
        },
        "weighted avg": {
          "precision": 0.5004177109440268,
          "recall": 0.47368421052631576,
          "f1-score": 0.46488171648633775,
          "support": 76.0
        }
      },
      "roc_plot": "/Users/xiaogouzuomeng/Documents/publication_stock_price_prediction/data/reports/plots/AI_ROC_logit_nocat_withpub_20240905-20250905.png",
      "pr_plot": "/Users/xiaogouzuomeng/Documents/publication_stock_price_prediction/data/reports/plots/AI_PR_logit_nocat_withpub_20240905-20250905.png"
    },
    "rf": {
      "roc_auc": 0.3720930232558139,
      "pr_auc": 0.5097079526217733,
      "accuracy": 0.4605263157894737,
      "classification_report": {
        "0": {
          "precision": 0.2777777777777778,
          "recall": 0.15151515151515152,
          "f1-score": 0.19607843137254902,
          "support": 33.0
        },
        "1": {
          "precision": 0.5172413793103449,
          "recall": 0.6976744186046512,
          "f1-score": 0.594059405940594,
          "support": 43.0
        },
        "accuracy": 0.4605263157894737,
        "macro avg": {
          "precision": 0.3975095785440613,
          "recall": 0.42459478505990134,
          "f1-score": 0.3950689186565715,
          "support": 76.0
        },
        "weighted avg": {
          "precision": 0.41326376285541444,
          "recall": 0.4605263157894737,
          "f1-score": 0.42125187750973236,
          "support": 76.0
        }
      },
      "roc_plot": "/Users/xiaogouzuomeng/Documents/publication_stock_price_prediction/data/reports/plots/AI_ROC_rf_nocat_withpub_20240905-20250905.png",
      "pr_plot": "/Users/xiaogouzuomeng/Documents/publication_stock_price_prediction/data/reports/plots/AI_PR_rf_nocat_withpub_20240905-20250905.png"
    },
    "xgb": {
      "roc_auc": 0.34460887949260044,
      "pr_auc": 0.4825819652795092,
      "accuracy": 0.4605263157894737,
      "classification_report": {
        "0": {
          "precision": 0.2777777777777778,
          "recall": 0.15151515151515152,
          "f1-score": 0.19607843137254902,
          "support": 33.0
        },
        "1": {
          "precision": 0.5172413793103449,
          "recall": 0.6976744186046512,
          "f1-score": 0.594059405940594,
          "support": 43.0
        },
        "accuracy": 0.4605263157894737,
        "macro avg": {
          "precision": 0.3975095785440613,
          "recall": 0.42459478505990134,
          "f1-score": 0.3950689186565715,
          "support": 76.0
        },
        "weighted avg": {
          "precision": 0.41326376285541444,
          "recall": 0.4605263157894737,
          "f1-score": 0.42125187750973236,
          "support": 76.0
        }
      },
      "roc_plot": "/Users/xiaogouzuomeng/Documents/publication_stock_price_prediction/data/reports/plots/AI_ROC_xgb_nocat_withpub_20240905-20250905.png",
      "pr_plot": "/Users/xiaogouzuomeng/Documents/publication_stock_price_prediction/data/reports/plots/AI_PR_xgb_nocat_withpub_20240905-20250905.png"
    }
  }
}