feature,importance
close_mean,0.27712122778131254
vol_4w,0.18682899241709178
pub_4w,0.17845225948170007
ret_1d,0.12867791203524964
vol_growth,0.1225395244569381
pub_growth,0.10638008382770789
