feature,importance
vol_4w,0.3557143345132958
ret_5d,0.3448220283944892
vol_growth,0.2994636370922148
