feature,importance
vol_4w,0.3920337122319926
ret_5d,0.3179718099543189
vol_growth,0.2899944778136885
