feature,importance
vol_4w,0.1812584392333051
top5_4w_share,0.17946838114018002
pub_4w,0.14137065755792472
ret_5d,0.1396151986037279
pub_growth,0.12806380847126872
top3_4w_share,0.12047462127361867
vol_growth,0.10974889371997486
