feature,importance
close_mean,0.36920043198120056
vol_4w,0.2830493123687434
ret_1d,0.18747219339297722
vol_growth,0.16027806225707877
