feature,importance
vol_4w,0.3860835101799313
ret_5d,0.33528524324933806
vol_growth,0.2786312465707306
