feature,importance
close_mean,0.2813192910583235
vol_4w,0.2016366617768588
pub_4w,0.1600980204194765
ret_1d,0.1419432519976054
vol_growth,0.10935169296544915
pub_growth,0.10565108178228669
