feature,importance
close_mean,0.35813219090801524
vol_4w,0.30244368480145933
ret_1d,0.20559228481861672
vol_growth,0.1338318394719087
