feature,importance
close_mean,0.35023633
vol_4w,0.25295746
ret_1d,0.22164984
vol_growth,0.17515637
