feature,importance
close_mean,0.24897802
vol_4w,0.1682876
ret_1d,0.16344969
pub_4w,0.1622574
vol_growth,0.13552783
pub_growth,0.121499486
