feature,importance
close_mean,0.22171362
pub_4w,0.18323705
vol_4w,0.1776554
ret_1d,0.14896846
vol_growth,0.14873032
pub_growth,0.119695164
