feature,importance
pub_4w,0.17690612
vol_4w,0.17087162
top3_4w_share,0.14941698
ret_5d,0.14303243
top5_4w_share,0.14186946
vol_growth,0.110861905
pub_growth,0.10704148
