feature,importance
vol_4w,0.17600977
top3_4w_share,0.15536867
pub_4w,0.15359908
ret_5d,0.14537697
top5_4w_share,0.13976718
vol_growth,0.13178533
pub_growth,0.098093055
