feature,importance
vol_4w,0.20050667
close_mean,0.19815385
pub_4w,0.18409677
pub_growth,0.140118
vol_growth,0.13997108
ret_1d,0.13715363
