{
  "logit": {
    "roc_auc": 0.7677469135802469,
    "pr_auc": 0.8576935886937174,
    "classification_report": {
      "0": {
        "precision": 0.5454545454545454,
        "recall": 0.2222222222222222,
        "f1-score": 0.3157894736842105,
        "support": 27.0
      },
      "1": {
        "precision": 0.671875,
        "recall": 0.8958333333333334,
        "f1-score": 0.7678571428571429,
        "support": 48.0
      },
      "accuracy": 0.6533333333333333,
      "macro avg": {
        "precision": 0.6086647727272727,
        "recall": 0.5590277777777778,
        "f1-score": 0.5418233082706767,
        "support": 75.0
      },
      "weighted avg": {
        "precision": 0.6263636363636363,
        "recall": 0.6533333333333333,
        "f1-score": 0.6051127819548873,
        "support": 75.0
      }
    },
    "roc_plot": "/Users/xiaogouzuomeng/Desktop/Ghamut technical interview/data/reports/plots/Biotech_ROC_logit_nocat.png",
    "pr_plot": "/Users/xiaogouzuomeng/Desktop/Ghamut technical interview/data/reports/plots/Biotech_PR_logit_nocat.png"
  },
  "rf": {
    "roc_auc": 0.5725308641975309,
    "pr_auc": 0.7194860378357948,
    "classification_report": {
      "0": {
        "precision": 0.391304347826087,
        "recall": 0.3333333333333333,
        "f1-score": 0.36,
        "support": 27.0
      },
      "1": {
        "precision": 0.6538461538461539,
        "recall": 0.7083333333333334,
        "f1-score": 0.68,
        "support": 48.0
      },
      "accuracy": 0.5733333333333334,
      "macro avg": {
        "precision": 0.5225752508361204,
        "recall": 0.5208333333333334,
        "f1-score": 0.52,
        "support": 75.0
      },
      "weighted avg": {
        "precision": 0.5593311036789298,
        "recall": 0.5733333333333334,
        "f1-score": 0.5648,
        "support": 75.0
      }
    },
    "roc_plot": "/Users/xiaogouzuomeng/Desktop/Ghamut technical interview/data/reports/plots/Biotech_ROC_rf_nocat.png",
    "pr_plot": "/Users/xiaogouzuomeng/Desktop/Ghamut technical interview/data/reports/plots/Biotech_PR_rf_nocat.png"
  },
  "xgb": {
    "roc_auc": 0.4629629629629629,
    "pr_auc": 0.6106579486689704,
    "classification_report": {
      "0": {
        "precision": 0.3333333333333333,
        "recall": 0.48148148148148145,
        "f1-score": 0.3939393939393939,
        "support": 27.0
      },
      "1": {
        "precision": 0.6111111111111112,
        "recall": 0.4583333333333333,
        "f1-score": 0.5238095238095238,
        "support": 48.0
      },
      "accuracy": 0.4666666666666667,
      "macro avg": {
        "precision": 0.4722222222222222,
        "recall": 0.4699074074074074,
        "f1-score": 0.4588744588744589,
        "support": 75.0
      },
      "weighted avg": {
        "precision": 0.5111111111111112,
        "recall": 0.4666666666666667,
        "f1-score": 0.47705627705627707,
        "support": 75.0
      }
    },
    "roc_plot": "/Users/xiaogouzuomeng/Desktop/Ghamut technical interview/data/reports/plots/Biotech_ROC_xgb_nocat.png",
    "pr_plot": "/Users/xiaogouzuomeng/Desktop/Ghamut technical interview/data/reports/plots/Biotech_PR_xgb_nocat.png"
  }
}