feature,importance
close_mean,0.2650607931335732
vol_4w,0.2057357606820261
pub_4w,0.19199343413458458
ret_1d,0.13648925837650555
vol_growth,0.1192023189080626
pub_growth,0.08151843476524809
