{
  "logit": {
    "roc_auc": 0.5447530864197532,
    "pr_auc": 0.682913314438565,
    "classification_report": {
      "0": {
        "precision": 0.3870967741935484,
        "recall": 0.4444444444444444,
        "f1-score": 0.41379310344827586,
        "support": 27.0
      },
      "1": {
        "precision": 0.6590909090909091,
        "recall": 0.6041666666666666,
        "f1-score": 0.6304347826086957,
        "support": 48.0
      },
      "accuracy": 0.5466666666666666,
      "macro avg": {
        "precision": 0.5230938416422287,
        "recall": 0.5243055555555556,
        "f1-score": 0.5221139430284858,
        "support": 75.0
      },
      "weighted avg": {
        "precision": 0.5611730205278592,
        "recall": 0.5466666666666666,
        "f1-score": 0.5524437781109445,
        "support": 75.0
      }
    },
    "roc_plot": "/Users/xiaogouzuomeng/Desktop/Ghamut technical interview/data/reports/plots/Biotech_ROC_logit_withcat.png",
    "pr_plot": "/Users/xiaogouzuomeng/Desktop/Ghamut technical interview/data/reports/plots/Biotech_PR_logit_withcat.png"
  },
  "rf": {
    "roc_auc": 0.5277777777777778,
    "pr_auc": 0.6922876935738852,
    "classification_report": {
      "0": {
        "precision": 0.43478260869565216,
        "recall": 0.37037037037037035,
        "f1-score": 0.4,
        "support": 27.0
      },
      "1": {
        "precision": 0.6730769230769231,
        "recall": 0.7291666666666666,
        "f1-score": 0.7,
        "support": 48.0
      },
      "accuracy": 0.6,
      "macro avg": {
        "precision": 0.5539297658862876,
        "recall": 0.5497685185185185,
        "f1-score": 0.55,
        "support": 75.0
      },
      "weighted avg": {
        "precision": 0.5872909698996656,
        "recall": 0.6,
        "f1-score": 0.5919999999999999,
        "support": 75.0
      }
    },
    "roc_plot": "/Users/xiaogouzuomeng/Desktop/Ghamut technical interview/data/reports/plots/Biotech_ROC_rf_withcat.png",
    "pr_plot": "/Users/xiaogouzuomeng/Desktop/Ghamut technical interview/data/reports/plots/Biotech_PR_rf_withcat.png"
  },
  "xgb": {
    "roc_auc": 0.466820987654321,
    "pr_auc": 0.6271064786362267,
    "classification_report": {
      "0": {
        "precision": 0.3,
        "recall": 0.4444444444444444,
        "f1-score": 0.3582089552238806,
        "support": 27.0
      },
      "1": {
        "precision": 0.5714285714285714,
        "recall": 0.4166666666666667,
        "f1-score": 0.4819277108433735,
        "support": 48.0
      },
      "accuracy": 0.4266666666666667,
      "macro avg": {
        "precision": 0.4357142857142857,
        "recall": 0.4305555555555556,
        "f1-score": 0.420068333033627,
        "support": 75.0
      },
      "weighted avg": {
        "precision": 0.47371428571428564,
        "recall": 0.4266666666666667,
        "f1-score": 0.437388958820356,
        "support": 75.0
      }
    },
    "roc_plot": "/Users/xiaogouzuomeng/Desktop/Ghamut technical interview/data/reports/plots/Biotech_ROC_xgb_withcat.png",
    "pr_plot": "/Users/xiaogouzuomeng/Desktop/Ghamut technical interview/data/reports/plots/Biotech_PR_xgb_withcat.png"
  }
}