feature,importance
pub_4w,0.21946125
close_mean,0.2112077
vol_4w,0.17925705
ret_1d,0.13761136
pub_growth,0.13036716
vol_growth,0.12209541
