feature,importance
close_mean,0.2423777587752095
vol_4w,0.19844711660137285
pub_4w,0.1901751093965403
vol_growth,0.13897476005535603
ret_1d,0.12814195719284233
pub_growth,0.10188329797867911
