{
  "logit": {
    "roc_auc": 0.7594202898550725,
    "pr_auc": 0.7836420958892664,
    "classification_report": {
      "0": {
        "precision": 0.6666666666666666,
        "recall": 0.6,
        "f1-score": 0.631578947368421,
        "support": 30.0
      },
      "1": {
        "precision": 0.7551020408163265,
        "recall": 0.8043478260869565,
        "f1-score": 0.7789473684210526,
        "support": 46.0
      },
      "accuracy": 0.7236842105263158,
      "macro avg": {
        "precision": 0.7108843537414966,
        "recall": 0.7021739130434783,
        "f1-score": 0.7052631578947368,
        "support": 76.0
      },
      "weighted avg": {
        "precision": 0.7201933404940923,
        "recall": 0.7236842105263158,
        "f1-score": 0.720775623268698,
        "support": 76.0
      }
    },
    "roc_plot": "/Users/xiaogouzuomeng/Documents/publication_stock_price_prediction/data/reports/plots/Biotech_ROC_logit_nocat_20240904-20250904.png",
    "pr_plot": "/Users/xiaogouzuomeng/Documents/publication_stock_price_prediction/data/reports/plots/Biotech_PR_logit_nocat_20240904-20250904.png"
  },
  "rf": {
    "roc_auc": 0.5514492753623188,
    "pr_auc": 0.6707950477033211,
    "classification_report": {
      "0": {
        "precision": 0.3695652173913043,
        "recall": 0.5666666666666667,
        "f1-score": 0.4473684210526316,
        "support": 30.0
      },
      "1": {
        "precision": 0.5666666666666667,
        "recall": 0.3695652173913043,
        "f1-score": 0.4473684210526316,
        "support": 46.0
      },
      "accuracy": 0.4473684210526316,
      "macro avg": {
        "precision": 0.4681159420289855,
        "recall": 0.4681159420289855,
        "f1-score": 0.4473684210526316,
        "support": 76.0
      },
      "weighted avg": {
        "precision": 0.4888634630053394,
        "recall": 0.4473684210526316,
        "f1-score": 0.4473684210526316,
        "support": 76.0
      }
    },
    "roc_plot": "/Users/xiaogouzuomeng/Documents/publication_stock_price_prediction/data/reports/plots/Biotech_ROC_rf_nocat_20240904-20250904.png",
    "pr_plot": "/Users/xiaogouzuomeng/Documents/publication_stock_price_prediction/data/reports/plots/Biotech_PR_rf_nocat_20240904-20250904.png"
  },
  "xgb": {
    "roc_auc": 0.4355072463768116,
    "pr_auc": 0.5428577279051398,
    "classification_report": {
      "0": {
        "precision": 0.3584905660377358,
        "recall": 0.6333333333333333,
        "f1-score": 0.4578313253012048,
        "support": 30.0
      },
      "1": {
        "precision": 0.5217391304347826,
        "recall": 0.2608695652173913,
        "f1-score": 0.34782608695652173,
        "support": 46.0
      },
      "accuracy": 0.40789473684210525,
      "macro avg": {
        "precision": 0.44011484823625924,
        "recall": 0.44710144927536233,
        "f1-score": 0.40282870612886323,
        "support": 76.0
      },
      "weighted avg": {
        "precision": 0.4572989076464747,
        "recall": 0.40789473684210525,
        "f1-score": 0.39124920735573876,
        "support": 76.0
      }
    },
    "roc_plot": "/Users/xiaogouzuomeng/Documents/publication_stock_price_prediction/data/reports/plots/Biotech_ROC_xgb_nocat_20240904-20250904.png",
    "pr_plot": "/Users/xiaogouzuomeng/Documents/publication_stock_price_prediction/data/reports/plots/Biotech_PR_xgb_nocat_20240904-20250904.png"
  }
}