feature,importance
top5_4w_share,0.18233599
vol_4w,0.18046208
top3_4w_share,0.14392686
vol_growth,0.1332228
pub_4w,0.1330225
pub_growth,0.11778822
ret_5d,0.109241575
