feature,coef,importance,sign
vol_4w,0.3339655504379319,0.3339655504379319,1.0
vol_growth,-0.17650328930789871,0.17650328930789871,-1.0
ret_5d,0.08930643277061011,0.08930643277061011,1.0
