feature,importance
close_mean,0.30890128982224224
pub_4w,0.19454843507469788
vol_4w,0.19320967292574376
vol_growth,0.10858472451903113
ret_1d,0.09820285934304847
pub_growth,0.09655301831523659
