{
  "logit": {
    "roc_auc": 0.7237215909090909,
    "pr_auc": 0.776749717937431,
    "classification_report": {
      "0": {
        "precision": 0.42105263157894735,
        "recall": 1.0,
        "f1-score": 0.5925925925925926,
        "support": 32.0
      },
      "1": {
        "precision": 0.0,
        "recall": 0.0,
        "f1-score": 0.0,
        "support": 44.0
      },
      "accuracy": 0.42105263157894735,
      "macro avg": {
        "precision": 0.21052631578947367,
        "recall": 0.5,
        "f1-score": 0.2962962962962963,
        "support": 76.0
      },
      "weighted avg": {
        "precision": 0.1772853185595568,
        "recall": 0.42105263157894735,
        "f1-score": 0.24951267056530213,
        "support": 76.0
      }
    },
    "roc_plot": "/Users/xiaogouzuomeng/Documents/publication_stock_price_prediction/data/reports/plots/Financials_ROC_logit_nocat.png",
    "pr_plot": "/Users/xiaogouzuomeng/Documents/publication_stock_price_prediction/data/reports/plots/Financials_PR_logit_nocat.png"
  },
  "rf": {
    "roc_auc": 0.7450284090909091,
    "pr_auc": 0.82266345968641,
    "classification_report": {
      "0": {
        "precision": 0.42105263157894735,
        "recall": 1.0,
        "f1-score": 0.5925925925925926,
        "support": 32.0
      },
      "1": {
        "precision": 0.0,
        "recall": 0.0,
        "f1-score": 0.0,
        "support": 44.0
      },
      "accuracy": 0.42105263157894735,
      "macro avg": {
        "precision": 0.21052631578947367,
        "recall": 0.5,
        "f1-score": 0.2962962962962963,
        "support": 76.0
      },
      "weighted avg": {
        "precision": 0.1772853185595568,
        "recall": 0.42105263157894735,
        "f1-score": 0.24951267056530213,
        "support": 76.0
      }
    },
    "roc_plot": "/Users/xiaogouzuomeng/Documents/publication_stock_price_prediction/data/reports/plots/Financials_ROC_rf_nocat.png",
    "pr_plot": "/Users/xiaogouzuomeng/Documents/publication_stock_price_prediction/data/reports/plots/Financials_PR_rf_nocat.png"
  },
  "xgb": {
    "roc_auc": 0.5703125,
    "pr_auc": 0.6829600960036248,
    "classification_report": {
      "0": {
        "precision": 0.46153846153846156,
        "recall": 0.9375,
        "f1-score": 0.6185567010309279,
        "support": 32.0
      },
      "1": {
        "precision": 0.8181818181818182,
        "recall": 0.20454545454545456,
        "f1-score": 0.32727272727272727,
        "support": 44.0
      },
      "accuracy": 0.5131578947368421,
      "macro avg": {
        "precision": 0.6398601398601399,
        "recall": 0.5710227272727273,
        "f1-score": 0.47291471415182756,
        "support": 76.0
      },
      "weighted avg": {
        "precision": 0.6680161943319839,
        "recall": 0.5131578947368421,
        "f1-score": 0.44991861096039065,
        "support": 76.0
      }
    },
    "roc_plot": "/Users/xiaogouzuomeng/Documents/publication_stock_price_prediction/data/reports/plots/Financials_ROC_xgb_nocat.png",
    "pr_plot": "/Users/xiaogouzuomeng/Documents/publication_stock_price_prediction/data/reports/plots/Financials_PR_xgb_nocat.png"
  }
}