feature,coef,importance,sign
vol_4w,0.22463612976613156,0.22463612976613156,1.0
vol_growth,-0.19748606757843823,0.19748606757843823,-1.0
ret_5d,-0.002829831482632021,0.002829831482632021,-1.0
