{
  "nopub": {
    "logit": {
      "roc_auc": 0.5911606578115116,
      "pr_auc": 0.6674019757539256,
      "accuracy": 0.5486725663716814,
      "classification_report": {
        "0": {
          "precision": 0.5,
          "recall": 0.45098039215686275,
          "f1-score": 0.4742268041237113,
          "support": 102.0
        },
        "1": {
          "precision": 0.582089552238806,
          "recall": 0.6290322580645161,
          "f1-score": 0.6046511627906976,
          "support": 124.0
        },
        "accuracy": 0.5486725663716814,
        "macro avg": {
          "precision": 0.541044776119403,
          "recall": 0.5400063251106895,
          "f1-score": 0.5394389834572044,
          "support": 226.0
        },
        "weighted avg": {
          "precision": 0.5450402852991679,
          "recall": 0.5486725663716814,
          "f1-score": 0.5457870717109073,
          "support": 226.0
        }
      },
      "roc_plot": "/Users/xiaogouzuomeng/Documents/publication_stock_price_prediction/data/reports/plots/Financials_ROC_logit_withcat_nopub_20220905-20250905.png",
      "pr_plot": "/Users/xiaogouzuomeng/Documents/publication_stock_price_prediction/data/reports/plots/Financials_PR_logit_withcat_nopub_20220905-20250905.png"
    },
    "rf": {
      "roc_auc": 0.4996837444655281,
      "pr_auc": 0.567662180137634,
      "accuracy": 0.49557522123893805,
      "classification_report": {
        "0": {
          "precision": 0.4166666666666667,
          "recall": 0.29411764705882354,
          "f1-score": 0.3448275862068966,
          "support": 102.0
        },
        "1": {
          "precision": 0.5324675324675324,
          "recall": 0.6612903225806451,
          "f1-score": 0.5899280575539568,
          "support": 124.0
        },
        "accuracy": 0.49557522123893805,
        "macro avg": {
          "precision": 0.4745670995670995,
          "recall": 0.4777039848197343,
          "f1-score": 0.4673778218804267,
          "support": 226.0
        },
        "weighted avg": {
          "precision": 0.4802034248936904,
          "recall": 0.49557522123893805,
          "f1-score": 0.4793074908397969,
          "support": 226.0
        }
      },
      "roc_plot": "/Users/xiaogouzuomeng/Documents/publication_stock_price_prediction/data/reports/plots/Financials_ROC_rf_withcat_nopub_20220905-20250905.png",
      "pr_plot": "/Users/xiaogouzuomeng/Documents/publication_stock_price_prediction/data/reports/plots/Financials_PR_rf_withcat_nopub_20220905-20250905.png"
    },
    "xgb": {
      "roc_auc": 0.4556451612903225,
      "pr_auc": 0.5316944758329967,
      "accuracy": 0.47345132743362833,
      "classification_report": {
        "0": {
          "precision": 0.40860215053763443,
          "recall": 0.37254901960784315,
          "f1-score": 0.38974358974358975,
          "support": 102.0
        },
        "1": {
          "precision": 0.518796992481203,
          "recall": 0.5564516129032258,
          "f1-score": 0.5369649805447471,
          "support": 124.0
        },
        "accuracy": 0.47345132743362833,
        "macro avg": {
          "precision": 0.46369957150941876,
          "recall": 0.46450031625553445,
          "f1-score": 0.46335428514416843,
          "support": 226.0
        },
        "weighted avg": {
          "precision": 0.46906303726773396,
          "recall": 0.47345132743362833,
          "f1-score": 0.47051992805926895,
          "support": 226.0
        }
      },
      "roc_plot": "/Users/xiaogouzuomeng/Documents/publication_stock_price_prediction/data/reports/plots/Financials_ROC_xgb_withcat_nopub_20220905-20250905.png",
      "pr_plot": "/Users/xiaogouzuomeng/Documents/publication_stock_price_prediction/data/reports/plots/Financials_PR_xgb_withcat_nopub_20220905-20250905.png"
    }
  },
  "withpub": {
    "logit": {
      "roc_auc": 0.5760594560404807,
      "pr_auc": 0.6491381141111365,
      "accuracy": 0.5265486725663717,
      "classification_report": {
        "0": {
          "precision": 0.47572815533980584,
          "recall": 0.4803921568627451,
          "f1-score": 0.47804878048780486,
          "support": 102.0
        },
        "1": {
          "precision": 0.5691056910569106,
          "recall": 0.5645161290322581,
          "f1-score": 0.5668016194331984,
          "support": 124.0
        },
        "accuracy": 0.5265486725663717,
        "macro avg": {
          "precision": 0.5224169231983582,
          "recall": 0.5224541429475016,
          "f1-score": 0.5224251999605016,
          "support": 226.0
        },
        "weighted avg": {
          "precision": 0.5269618475031731,
          "recall": 0.5265486725663717,
          "f1-score": 0.5267450284047464,
          "support": 226.0
        }
      },
      "roc_plot": "/Users/xiaogouzuomeng/Documents/publication_stock_price_prediction/data/reports/plots/Financials_ROC_logit_withcat_withpub_20220905-20250905.png",
      "pr_plot": "/Users/xiaogouzuomeng/Documents/publication_stock_price_prediction/data/reports/plots/Financials_PR_logit_withcat_withpub_20220905-20250905.png"
    },
    "rf": {
      "roc_auc": 0.5119386464263125,
      "pr_auc": 0.5517424253970755,
      "accuracy": 0.5353982300884956,
      "classification_report": {
        "0": {
          "precision": 0.48148148148148145,
          "recall": 0.38235294117647056,
          "f1-score": 0.4262295081967213,
          "support": 102.0
        },
        "1": {
          "precision": 0.5655172413793104,
          "recall": 0.6612903225806451,
          "f1-score": 0.6096654275092936,
          "support": 124.0
        },
        "accuracy": 0.5353982300884956,
        "macro avg": {
          "precision": 0.5234993614303959,
          "recall": 0.5218216318785578,
          "f1-score": 0.5179474678530075,
          "support": 226.0
        },
        "weighted avg": {
          "precision": 0.5275895975316177,
          "recall": 0.5353982300884956,
          "f1-score": 0.526875764810699,
          "support": 226.0
        }
      },
      "roc_plot": "/Users/xiaogouzuomeng/Documents/publication_stock_price_prediction/data/reports/plots/Financials_ROC_rf_withcat_withpub_20220905-20250905.png",
      "pr_plot": "/Users/xiaogouzuomeng/Documents/publication_stock_price_prediction/data/reports/plots/Financials_PR_rf_withcat_withpub_20220905-20250905.png"
    },
    "xgb": {
      "roc_auc": 0.5207147375079064,
      "pr_auc": 0.540665457701029,
      "accuracy": 0.5398230088495575,
      "classification_report": {
        "0": {
          "precision": 0.4880952380952381,
          "recall": 0.4019607843137255,
          "f1-score": 0.44086021505376344,
          "support": 102.0
        },
        "1": {
          "precision": 0.5704225352112676,
          "recall": 0.6532258064516129,
          "f1-score": 0.6090225563909775,
          "support": 124.0
        },
        "accuracy": 0.5398230088495575,
        "macro avg": {
          "precision": 0.5292588866532528,
          "recall": 0.5275932953826692,
          "f1-score": 0.5249413857223705,
          "support": 226.0
        },
        "weighted avg": {
          "precision": 0.5332659674863339,
          "recall": 0.5398230088495575,
          "f1-score": 0.5331262784423233,
          "support": 226.0
        }
      },
      "roc_plot": "/Users/xiaogouzuomeng/Documents/publication_stock_price_prediction/data/reports/plots/Financials_ROC_xgb_withcat_withpub_20220905-20250905.png",
      "pr_plot": "/Users/xiaogouzuomeng/Documents/publication_stock_price_prediction/data/reports/plots/Financials_PR_xgb_withcat_withpub_20220905-20250905.png"
    }
  }
}