{
  "nopub": {
    "logit": {
      "roc_auc": 0.5290164452877925,
      "pr_auc": 0.6237314232701076,
      "accuracy": 0.5221238938053098,
      "classification_report": {
        "0": {
          "precision": 0.47413793103448276,
          "recall": 0.5392156862745098,
          "f1-score": 0.5045871559633027,
          "support": 102.0
        },
        "1": {
          "precision": 0.5727272727272728,
          "recall": 0.5080645161290323,
          "f1-score": 0.5384615384615384,
          "support": 124.0
        },
        "accuracy": 0.5221238938053098,
        "macro avg": {
          "precision": 0.5234326018808777,
          "recall": 0.5236401012017711,
          "f1-score": 0.5215243472124206,
          "support": 226.0
        },
        "weighted avg": {
          "precision": 0.5282311981579604,
          "recall": 0.5221238938053098,
          "f1-score": 0.5231731003428657,
          "support": 226.0
        }
      },
      "roc_plot": "/Users/xiaogouzuomeng/Documents/publication_stock_price_prediction/data/reports/plots/Financials_ROC_logit_nocat_nopub_20220905-20250905.png",
      "pr_plot": "/Users/xiaogouzuomeng/Documents/publication_stock_price_prediction/data/reports/plots/Financials_PR_logit_nocat_nopub_20220905-20250905.png"
    },
    "rf": {
      "roc_auc": 0.43184693232131566,
      "pr_auc": 0.4986281794451046,
      "accuracy": 0.46017699115044247,
      "classification_report": {
        "0": {
          "precision": 0.4,
          "recall": 0.39215686274509803,
          "f1-score": 0.39603960396039606,
          "support": 102.0
        },
        "1": {
          "precision": 0.5079365079365079,
          "recall": 0.5161290322580645,
          "f1-score": 0.512,
          "support": 124.0
        },
        "accuracy": 0.46017699115044247,
        "macro avg": {
          "precision": 0.45396825396825397,
          "recall": 0.45414294750158124,
          "f1-score": 0.45401980198019803,
          "support": 226.0
        },
        "weighted avg": {
          "precision": 0.4592218008147212,
          "recall": 0.46017699115044247,
          "f1-score": 0.4596638920529221,
          "support": 226.0
        }
      },
      "roc_plot": "/Users/xiaogouzuomeng/Documents/publication_stock_price_prediction/data/reports/plots/Financials_ROC_rf_nocat_nopub_20220905-20250905.png",
      "pr_plot": "/Users/xiaogouzuomeng/Documents/publication_stock_price_prediction/data/reports/plots/Financials_PR_rf_nocat_nopub_20220905-20250905.png"
    },
    "xgb": {
      "roc_auc": 0.43461416824794435,
      "pr_auc": 0.514452662290856,
      "accuracy": 0.45132743362831856,
      "classification_report": {
        "0": {
          "precision": 0.39814814814814814,
          "recall": 0.4215686274509804,
          "f1-score": 0.4095238095238095,
          "support": 102.0
        },
        "1": {
          "precision": 0.5,
          "recall": 0.47580645161290325,
          "f1-score": 0.48760330578512395,
          "support": 124.0
        },
        "accuracy": 0.45132743362831856,
        "macro avg": {
          "precision": 0.44907407407407407,
          "recall": 0.44868753953194185,
          "f1-score": 0.44856355765446676,
          "support": 226.0
        },
        "weighted avg": {
          "precision": 0.454031465093412,
          "recall": 0.45132743362831856,
          "f1-score": 0.45236388711851305,
          "support": 226.0
        }
      },
      "roc_plot": "/Users/xiaogouzuomeng/Documents/publication_stock_price_prediction/data/reports/plots/Financials_ROC_xgb_nocat_nopub_20220905-20250905.png",
      "pr_plot": "/Users/xiaogouzuomeng/Documents/publication_stock_price_prediction/data/reports/plots/Financials_PR_xgb_nocat_nopub_20220905-20250905.png"
    }
  },
  "withpub": {
    "logit": {
      "roc_auc": 0.5275142314990512,
      "pr_auc": 0.5860140265650472,
      "accuracy": 0.504424778761062,
      "classification_report": {
        "0": {
          "precision": 0.46875,
          "recall": 0.7352941176470589,
          "f1-score": 0.5725190839694656,
          "support": 102.0
        },
        "1": {
          "precision": 0.5909090909090909,
          "recall": 0.31451612903225806,
          "f1-score": 0.4105263157894737,
          "support": 124.0
        },
        "accuracy": 0.504424778761062,
        "macro avg": {
          "precision": 0.5298295454545454,
          "recall": 0.5249051233396584,
          "f1-score": 0.4915226998794696,
          "support": 226.0
        },
        "weighted avg": {
          "precision": 0.5357753419147224,
          "recall": 0.504424778761062,
          "f1-score": 0.48363809611849656,
          "support": 226.0
        }
      },
      "roc_plot": "/Users/xiaogouzuomeng/Documents/publication_stock_price_prediction/data/reports/plots/Financials_ROC_logit_nocat_withpub_20220905-20250905.png",
      "pr_plot": "/Users/xiaogouzuomeng/Documents/publication_stock_price_prediction/data/reports/plots/Financials_PR_logit_nocat_withpub_20220905-20250905.png"
    },
    "rf": {
      "roc_auc": 0.4743042378241619,
      "pr_auc": 0.5288989470559585,
      "accuracy": 0.4911504424778761,
      "classification_report": {
        "0": {
          "precision": 0.4424778761061947,
          "recall": 0.49019607843137253,
          "f1-score": 0.46511627906976744,
          "support": 102.0
        },
        "1": {
          "precision": 0.5398230088495575,
          "recall": 0.49193548387096775,
          "f1-score": 0.5147679324894515,
          "support": 124.0
        },
        "accuracy": 0.4911504424778761,
        "macro avg": {
          "precision": 0.4911504424778761,
          "recall": 0.49106578115117017,
          "f1-score": 0.4899421057796095,
          "support": 226.0
        },
        "weighted avg": {
          "precision": 0.49588847991228757,
          "recall": 0.4911504424778761,
          "f1-score": 0.4923587791761428,
          "support": 226.0
        }
      },
      "roc_plot": "/Users/xiaogouzuomeng/Documents/publication_stock_price_prediction/data/reports/plots/Financials_ROC_rf_nocat_withpub_20220905-20250905.png",
      "pr_plot": "/Users/xiaogouzuomeng/Documents/publication_stock_price_prediction/data/reports/plots/Financials_PR_rf_nocat_withpub_20220905-20250905.png"
    },
    "xgb": {
      "roc_auc": 0.521663504111322,
      "pr_auc": 0.5504373470540626,
      "accuracy": 0.5176991150442478,
      "classification_report": {
        "0": {
          "precision": 0.46534653465346537,
          "recall": 0.46078431372549017,
          "f1-score": 0.4630541871921182,
          "support": 102.0
        },
        "1": {
          "precision": 0.56,
          "recall": 0.5645161290322581,
          "f1-score": 0.5622489959839357,
          "support": 124.0
        },
        "accuracy": 0.5176991150442478,
        "macro avg": {
          "precision": 0.5126732673267327,
          "recall": 0.5126502213788742,
          "f1-score": 0.512651591588027,
          "support": 226.0
        },
        "weighted avg": {
          "precision": 0.5172802944011217,
          "recall": 0.5176991150442478,
          "f1-score": 0.517479657502673,
          "support": 226.0
        }
      },
      "roc_plot": "/Users/xiaogouzuomeng/Documents/publication_stock_price_prediction/data/reports/plots/Financials_ROC_xgb_nocat_withpub_20220905-20250905.png",
      "pr_plot": "/Users/xiaogouzuomeng/Documents/publication_stock_price_prediction/data/reports/plots/Financials_PR_xgb_nocat_withpub_20220905-20250905.png"
    }
  }
}