feature,importance
vol_4w,0.44257737767338057
ret_5d,0.2826650240396671
vol_growth,0.27475759828695234
