feature,importance
vol_4w,0.3853707902321512
ret_5d,0.3213238010110658
vol_growth,0.29330540875678307
