feature,importance
close_mean,0.24876721
vol_4w,0.17940697
pub_4w,0.16815677
vol_growth,0.15226164
ret_1d,0.12788422
pub_growth,0.12352316
