feature,importance
vol_4w,0.19897552
top5_4w_share,0.16015853
top3_4w_share,0.15746558
pub_4w,0.15274616
ret_5d,0.117693365
vol_growth,0.106905036
pub_growth,0.10605587
