feature,importance
vol_4w,0.402200876125685
ret_5d,0.3207192982468019
vol_growth,0.27707982562751315
