{
  "nopub": {
    "logit": {
      "roc_auc": 0.6315086782376502,
      "pr_auc": 0.5875016620016813,
      "accuracy": 0.584070796460177,
      "classification_report": {
        "0": {
          "precision": 0.6865671641791045,
          "recall": 0.3865546218487395,
          "f1-score": 0.4946236559139785,
          "support": 119.0
        },
        "1": {
          "precision": 0.5408805031446541,
          "recall": 0.8037383177570093,
          "f1-score": 0.6466165413533834,
          "support": 107.0
        },
        "accuracy": 0.584070796460177,
        "macro avg": {
          "precision": 0.6137238336618793,
          "recall": 0.5951464698028744,
          "f1-score": 0.5706200986336809,
          "support": 226.0
        },
        "weighted avg": {
          "precision": 0.6175916211229708,
          "recall": 0.584070796460177,
          "f1-score": 0.5665848892857323,
          "support": 226.0
        }
      },
      "roc_plot": "/Users/xiaogouzuomeng/Documents/publication_stock_price_prediction/data/reports/plots/Healthcare_ROC_logit_nocat_nopub_20220905-20250905.png",
      "pr_plot": "/Users/xiaogouzuomeng/Documents/publication_stock_price_prediction/data/reports/plots/Healthcare_PR_logit_nocat_nopub_20220905-20250905.png"
    },
    "rf": {
      "roc_auc": 0.6134453781512605,
      "pr_auc": 0.6147873967232402,
      "accuracy": 0.49557522123893805,
      "classification_report": {
        "0": {
          "precision": 0.5423728813559322,
          "recall": 0.2689075630252101,
          "f1-score": 0.3595505617977528,
          "support": 119.0
        },
        "1": {
          "precision": 0.47904191616766467,
          "recall": 0.7476635514018691,
          "f1-score": 0.583941605839416,
          "support": 107.0
        },
        "accuracy": 0.49557522123893805,
        "macro avg": {
          "precision": 0.5107073987617985,
          "recall": 0.5082855572135396,
          "f1-score": 0.4717460838185844,
          "support": 226.0
        },
        "weighted avg": {
          "precision": 0.512388751819894,
          "recall": 0.49557522123893805,
          "f1-score": 0.46578879946349605,
          "support": 226.0
        }
      },
      "roc_plot": "/Users/xiaogouzuomeng/Documents/publication_stock_price_prediction/data/reports/plots/Healthcare_ROC_rf_nocat_nopub_20220905-20250905.png",
      "pr_plot": "/Users/xiaogouzuomeng/Documents/publication_stock_price_prediction/data/reports/plots/Healthcare_PR_rf_nocat_nopub_20220905-20250905.png"
    },
    "xgb": {
      "roc_auc": 0.5983664493834917,
      "pr_auc": 0.6342082800082737,
      "accuracy": 0.504424778761062,
      "classification_report": {
        "0": {
          "precision": 0.5507246376811594,
          "recall": 0.31932773109243695,
          "f1-score": 0.40425531914893614,
          "support": 119.0
        },
        "1": {
          "precision": 0.4840764331210191,
          "recall": 0.7102803738317757,
          "f1-score": 0.5757575757575758,
          "support": 107.0
        },
        "accuracy": 0.504424778761062,
        "macro avg": {
          "precision": 0.5174005354010893,
          "recall": 0.5148040524621063,
          "f1-score": 0.49000644745325594,
          "support": 226.0
        },
        "weighted avg": {
          "precision": 0.5191699567610929,
          "recall": 0.504424778761062,
          "f1-score": 0.48545329019815936,
          "support": 226.0
        }
      },
      "roc_plot": "/Users/xiaogouzuomeng/Documents/publication_stock_price_prediction/data/reports/plots/Healthcare_ROC_xgb_nocat_nopub_20220905-20250905.png",
      "pr_plot": "/Users/xiaogouzuomeng/Documents/publication_stock_price_prediction/data/reports/plots/Healthcare_PR_xgb_nocat_nopub_20220905-20250905.png"
    }
  },
  "withpub": {
    "logit": {
      "roc_auc": 0.6471373596167439,
      "pr_auc": 0.6012693550032208,
      "accuracy": 0.5530973451327433,
      "classification_report": {
        "0": {
          "precision": 0.725,
          "recall": 0.24369747899159663,
          "f1-score": 0.36477987421383645,
          "support": 119.0
        },
        "1": {
          "precision": 0.5161290322580645,
          "recall": 0.897196261682243,
          "f1-score": 0.6552901023890785,
          "support": 107.0
        },
        "accuracy": 0.5530973451327433,
        "macro avg": {
          "precision": 0.6205645161290323,
          "recall": 0.5704468703369198,
          "f1-score": 0.5100349883014574,
          "support": 226.0
        },
        "weighted avg": {
          "precision": 0.6261097630602341,
          "recall": 0.5530973451327433,
          "f1-score": 0.502322327376451,
          "support": 226.0
        }
      },
      "roc_plot": "/Users/xiaogouzuomeng/Documents/publication_stock_price_prediction/data/reports/plots/Healthcare_ROC_logit_nocat_withpub_20220905-20250905.png",
      "pr_plot": "/Users/xiaogouzuomeng/Documents/publication_stock_price_prediction/data/reports/plots/Healthcare_PR_logit_nocat_withpub_20220905-20250905.png"
    },
    "rf": {
      "roc_auc": 0.6538129270399748,
      "pr_auc": 0.6545088412750749,
      "accuracy": 0.5309734513274337,
      "classification_report": {
        "0": {
          "precision": 0.6756756756756757,
          "recall": 0.21008403361344538,
          "f1-score": 0.32051282051282054,
          "support": 119.0
        },
        "1": {
          "precision": 0.5026455026455027,
          "recall": 0.8878504672897196,
          "f1-score": 0.6418918918918919,
          "support": 107.0
        },
        "accuracy": 0.5309734513274337,
        "macro avg": {
          "precision": 0.5891605891605891,
          "recall": 0.5489672504515825,
          "f1-score": 0.4812023562023562,
          "support": 226.0
        },
        "weighted avg": {
          "precision": 0.5937543105684698,
          "recall": 0.5309734513274337,
          "f1-score": 0.4726701684666287,
          "support": 226.0
        }
      },
      "roc_plot": "/Users/xiaogouzuomeng/Documents/publication_stock_price_prediction/data/reports/plots/Healthcare_ROC_rf_nocat_withpub_20220905-20250905.png",
      "pr_plot": "/Users/xiaogouzuomeng/Documents/publication_stock_price_prediction/data/reports/plots/Healthcare_PR_rf_nocat_withpub_20220905-20250905.png"
    },
    "xgb": {
      "roc_auc": 0.6289169873556898,
      "pr_auc": 0.621062527389731,
      "accuracy": 0.5309734513274337,
      "classification_report": {
        "0": {
          "precision": 0.7096774193548387,
          "recall": 0.18487394957983194,
          "f1-score": 0.29333333333333333,
          "support": 119.0
        },
        "1": {
          "precision": 0.5025641025641026,
          "recall": 0.9158878504672897,
          "f1-score": 0.6490066225165563,
          "support": 107.0
        },
        "accuracy": 0.5309734513274337,
        "macro avg": {
          "precision": 0.6061207609594707,
          "recall": 0.5503809000235609,
          "f1-score": 0.4711699779249448,
          "support": 226.0
        },
        "weighted avg": {
          "precision": 0.6116193445910831,
          "recall": 0.5309734513274337,
          "f1-score": 0.461727324229815,
          "support": 226.0
        }
      },
      "roc_plot": "/Users/xiaogouzuomeng/Documents/publication_stock_price_prediction/data/reports/plots/Healthcare_ROC_xgb_nocat_withpub_20220905-20250905.png",
      "pr_plot": "/Users/xiaogouzuomeng/Documents/publication_stock_price_prediction/data/reports/plots/Healthcare_PR_xgb_nocat_withpub_20220905-20250905.png"
    }
  }
}