feature,importance
pub_4w,0.2608142891638356
vol_4w,0.21200424293257247
close_mean,0.18860138522129927
vol_growth,0.12889595987138877
ret_1d,0.12226084089794002
pub_growth,0.08742328191296393
