feature,importance
vol_4w,0.3817822855606721
ret_5d,0.3332098010667751
vol_growth,0.28500791337255277
