{
  "nopub": {
    "logit": {
      "roc_auc": 0.5227272727272727,
      "pr_auc": 0.6653510307900248,
      "accuracy": 0.5394736842105263,
      "classification_report": {
        "0": {
          "precision": 0.44,
          "recall": 0.34375,
          "f1-score": 0.38596491228070173,
          "support": 32.0
        },
        "1": {
          "precision": 0.5882352941176471,
          "recall": 0.6818181818181818,
          "f1-score": 0.631578947368421,
          "support": 44.0
        },
        "accuracy": 0.5394736842105263,
        "macro avg": {
          "precision": 0.5141176470588236,
          "recall": 0.5127840909090908,
          "f1-score": 0.5087719298245614,
          "support": 76.0
        },
        "weighted avg": {
          "precision": 0.5258204334365325,
          "recall": 0.5394736842105263,
          "f1-score": 0.5281625115420129,
          "support": 76.0
        }
      },
      "roc_plot": "/Users/xiaogouzuomeng/Documents/publication_stock_price_prediction/data/reports/plots/Healthcare_ROC_logit_withcat_nopub_20240905-20250905.png",
      "pr_plot": "/Users/xiaogouzuomeng/Documents/publication_stock_price_prediction/data/reports/plots/Healthcare_PR_logit_withcat_nopub_20240905-20250905.png"
    },
    "rf": {
      "roc_auc": 0.5475852272727273,
      "pr_auc": 0.618780309669778,
      "accuracy": 0.47368421052631576,
      "classification_report": {
        "0": {
          "precision": 0.43548387096774194,
          "recall": 0.84375,
          "f1-score": 0.574468085106383,
          "support": 32.0
        },
        "1": {
          "precision": 0.6428571428571429,
          "recall": 0.20454545454545456,
          "f1-score": 0.3103448275862069,
          "support": 44.0
        },
        "accuracy": 0.47368421052631576,
        "macro avg": {
          "precision": 0.5391705069124424,
          "recall": 0.5241477272727273,
          "f1-score": 0.44240645634629494,
          "support": 76.0
        },
        "weighted avg": {
          "precision": 0.5555420810089741,
          "recall": 0.47368421052631576,
          "f1-score": 0.42155462022628104,
          "support": 76.0
        }
      },
      "roc_plot": "/Users/xiaogouzuomeng/Documents/publication_stock_price_prediction/data/reports/plots/Healthcare_ROC_rf_withcat_nopub_20240905-20250905.png",
      "pr_plot": "/Users/xiaogouzuomeng/Documents/publication_stock_price_prediction/data/reports/plots/Healthcare_PR_rf_withcat_nopub_20240905-20250905.png"
    },
    "xgb": {
      "roc_auc": 0.6079545454545454,
      "pr_auc": 0.6417070018928898,
      "accuracy": 0.5131578947368421,
      "classification_report": {
        "0": {
          "precision": 0.4576271186440678,
          "recall": 0.84375,
          "f1-score": 0.5934065934065934,
          "support": 32.0
        },
        "1": {
          "precision": 0.7058823529411765,
          "recall": 0.2727272727272727,
          "f1-score": 0.39344262295081966,
          "support": 44.0
        },
        "accuracy": 0.5131578947368421,
        "macro avg": {
          "precision": 0.5817547357926222,
          "recall": 0.5582386363636364,
          "f1-score": 0.49342460817870654,
          "support": 76.0
        },
        "weighted avg": {
          "precision": 0.6013538332371308,
          "recall": 0.5131578947368421,
          "f1-score": 0.4776379789321981,
          "support": 76.0
        }
      },
      "roc_plot": "/Users/xiaogouzuomeng/Documents/publication_stock_price_prediction/data/reports/plots/Healthcare_ROC_xgb_withcat_nopub_20240905-20250905.png",
      "pr_plot": "/Users/xiaogouzuomeng/Documents/publication_stock_price_prediction/data/reports/plots/Healthcare_PR_xgb_withcat_nopub_20240905-20250905.png"
    }
  },
  "withpub": {
    "logit": {
      "roc_auc": 0.5142045454545454,
      "pr_auc": 0.6480403969173796,
      "accuracy": 0.5263157894736842,
      "classification_report": {
        "0": {
          "precision": 0.4523809523809524,
          "recall": 0.59375,
          "f1-score": 0.5135135135135135,
          "support": 32.0
        },
        "1": {
          "precision": 0.6176470588235294,
          "recall": 0.4772727272727273,
          "f1-score": 0.5384615384615384,
          "support": 44.0
        },
        "accuracy": 0.5263157894736842,
        "macro avg": {
          "precision": 0.5350140056022409,
          "recall": 0.5355113636363636,
          "f1-score": 0.525987525987526,
          "support": 76.0
        },
        "weighted avg": {
          "precision": 0.5480613297950759,
          "recall": 0.5263157894736842,
          "f1-score": 0.5279571069044753,
          "support": 76.0
        }
      },
      "roc_plot": "/Users/xiaogouzuomeng/Documents/publication_stock_price_prediction/data/reports/plots/Healthcare_ROC_logit_withcat_withpub_20240905-20250905.png",
      "pr_plot": "/Users/xiaogouzuomeng/Documents/publication_stock_price_prediction/data/reports/plots/Healthcare_PR_logit_withcat_withpub_20240905-20250905.png"
    },
    "rf": {
      "roc_auc": 0.5269886363636362,
      "pr_auc": 0.6074546125898966,
      "accuracy": 0.47368421052631576,
      "classification_report": {
        "0": {
          "precision": 0.42857142857142855,
          "recall": 0.75,
          "f1-score": 0.5454545454545454,
          "support": 32.0
        },
        "1": {
          "precision": 0.6,
          "recall": 0.2727272727272727,
          "f1-score": 0.375,
          "support": 44.0
        },
        "accuracy": 0.47368421052631576,
        "macro avg": {
          "precision": 0.5142857142857142,
          "recall": 0.5113636363636364,
          "f1-score": 0.4602272727272727,
          "support": 76.0
        },
        "weighted avg": {
          "precision": 0.5278195488721804,
          "recall": 0.47368421052631576,
          "f1-score": 0.44677033492822965,
          "support": 76.0
        }
      },
      "roc_plot": "/Users/xiaogouzuomeng/Documents/publication_stock_price_prediction/data/reports/plots/Healthcare_ROC_rf_withcat_withpub_20240905-20250905.png",
      "pr_plot": "/Users/xiaogouzuomeng/Documents/publication_stock_price_prediction/data/reports/plots/Healthcare_PR_rf_withcat_withpub_20240905-20250905.png"
    },
    "xgb": {
      "roc_auc": 0.5028409090909091,
      "pr_auc": 0.5901325075038337,
      "accuracy": 0.47368421052631576,
      "classification_report": {
        "0": {
          "precision": 0.42592592592592593,
          "recall": 0.71875,
          "f1-score": 0.5348837209302325,
          "support": 32.0
        },
        "1": {
          "precision": 0.5909090909090909,
          "recall": 0.29545454545454547,
          "f1-score": 0.3939393939393939,
          "support": 44.0
        },
        "accuracy": 0.47368421052631576,
        "macro avg": {
          "precision": 0.5084175084175084,
          "recall": 0.5071022727272727,
          "f1-score": 0.4644115574348132,
          "support": 76.0
        },
        "weighted avg": {
          "precision": 0.5214424951267057,
          "recall": 0.47368421052631576,
          "f1-score": 0.4532843737250102,
          "support": 76.0
        }
      },
      "roc_plot": "/Users/xiaogouzuomeng/Documents/publication_stock_price_prediction/data/reports/plots/Healthcare_ROC_xgb_withcat_withpub_20240905-20250905.png",
      "pr_plot": "/Users/xiaogouzuomeng/Documents/publication_stock_price_prediction/data/reports/plots/Healthcare_PR_xgb_withcat_withpub_20240905-20250905.png"
    }
  }
}