feature,importance
vol_4w,0.22296123
pub_4w,0.21426429
close_mean,0.18488982
vol_growth,0.14455506
ret_1d,0.12063853
pub_growth,0.112690926
