feature,coef,importance,sign
vol_4w,0.381750129008766,0.381750129008766,1.0
ret_5d,-0.21971060911080106,0.21971060911080106,-1.0
vol_growth,-0.12393968056993943,0.12393968056993943,-1.0
