feature,importance
pub_4w,0.23356219
vol_4w,0.17970353
top3_4w_share,0.13738032
top5_4w_share,0.12981191
ret_5d,0.11513737
vol_growth,0.105047055
pub_growth,0.09935758
