{
  "logit": {
    "roc_auc": 0.6054519368723098,
    "pr_auc": 0.6469090114088153,
    "classification_report": {
      "0": {
        "precision": 0.5945945945945946,
        "recall": 0.6470588235294118,
        "f1-score": 0.6197183098591549,
        "support": 34.0
      },
      "1": {
        "precision": 0.6842105263157895,
        "recall": 0.6341463414634146,
        "f1-score": 0.6582278481012658,
        "support": 41.0
      },
      "accuracy": 0.64,
      "macro avg": {
        "precision": 0.6394025604551921,
        "recall": 0.6406025824964132,
        "f1-score": 0.6389730789802104,
        "support": 75.0
      },
      "weighted avg": {
        "precision": 0.6435846372688478,
        "recall": 0.64,
        "f1-score": 0.6407701907648421,
        "support": 75.0
      }
    },
    "roc_plot": "/Users/xiaogouzuomeng/Desktop/Ghamut technical interview/data/reports/plots/Healthcare_ROC_logit_withcat.png",
    "pr_plot": "/Users/xiaogouzuomeng/Desktop/Ghamut technical interview/data/reports/plots/Healthcare_PR_logit_withcat.png"
  },
  "rf": {
    "roc_auc": 0.6592539454806312,
    "pr_auc": 0.7231592014809295,
    "classification_report": {
      "0": {
        "precision": 0.7142857142857143,
        "recall": 0.29411764705882354,
        "f1-score": 0.4166666666666667,
        "support": 34.0
      },
      "1": {
        "precision": 0.6065573770491803,
        "recall": 0.9024390243902439,
        "f1-score": 0.7254901960784313,
        "support": 41.0
      },
      "accuracy": 0.6266666666666667,
      "macro avg": {
        "precision": 0.6604215456674474,
        "recall": 0.5982783357245337,
        "f1-score": 0.571078431372549,
        "support": 75.0
      },
      "weighted avg": {
        "precision": 0.6553942232630757,
        "recall": 0.6266666666666667,
        "f1-score": 0.5854901960784313,
        "support": 75.0
      }
    },
    "roc_plot": "/Users/xiaogouzuomeng/Desktop/Ghamut technical interview/data/reports/plots/Healthcare_ROC_rf_withcat.png",
    "pr_plot": "/Users/xiaogouzuomeng/Desktop/Ghamut technical interview/data/reports/plots/Healthcare_PR_rf_withcat.png"
  },
  "xgb": {
    "roc_auc": 0.5121951219512195,
    "pr_auc": 0.5722359568054713,
    "classification_report": {
      "0": {
        "precision": 0.475,
        "recall": 0.5588235294117647,
        "f1-score": 0.5135135135135135,
        "support": 34.0
      },
      "1": {
        "precision": 0.5714285714285714,
        "recall": 0.4878048780487805,
        "f1-score": 0.5263157894736842,
        "support": 41.0
      },
      "accuracy": 0.52,
      "macro avg": {
        "precision": 0.5232142857142856,
        "recall": 0.5233142037302726,
        "f1-score": 0.5199146514935988,
        "support": 75.0
      },
      "weighted avg": {
        "precision": 0.5277142857142856,
        "recall": 0.52,
        "f1-score": 0.5205120910384068,
        "support": 75.0
      }
    },
    "roc_plot": "/Users/xiaogouzuomeng/Desktop/Ghamut technical interview/data/reports/plots/Healthcare_ROC_xgb_withcat.png",
    "pr_plot": "/Users/xiaogouzuomeng/Desktop/Ghamut technical interview/data/reports/plots/Healthcare_PR_xgb_withcat.png"
  }
}