feature,importance
vol_4w,0.29963586
close_mean,0.29046598
vol_growth,0.22676776
ret_1d,0.18313044
