feature,importance
pub_4w,0.2539154928279893
close_mean,0.2161019683975451
vol_4w,0.1970516828749417
vol_growth,0.12786148926018198
ret_1d,0.11995584483001506
pub_growth,0.08511352180932678
