feature,importance
pub_4w,0.21062532
vol_4w,0.19961503
close_mean,0.18780191
vol_growth,0.14606616
pub_growth,0.12985207
ret_1d,0.12603955
