feature,coef,importance,sign
pub_4w,0.7466194754659035,0.7466194754659035,1.0
ret_5d,-0.5431448347280353,0.5431448347280353,-1.0
vol_growth,-0.2634515434146012,0.2634515434146012,-1.0
vol_4w,0.1897526931101045,0.1897526931101045,1.0
pub_growth,-0.10907548881009721,0.10907548881009721,-1.0
top5_4w_share,-0.08489346857446466,0.08489346857446466,-1.0
top3_4w_share,0.07625870730623285,0.07625870730623285,1.0
