feature,coef,importance,sign
close_mean,-0.4133860060854604,0.4133860060854604,-1.0
vol_growth,-0.266692629513387,0.266692629513387,-1.0
ret_1d,-0.23270933865401644,0.23270933865401644,-1.0
vol_4w,-0.02280130021313904,0.02280130021313904,-1.0
