feature,importance
vol_4w,0.17298232
top3_4w_share,0.15590024
pub_4w,0.15139703
top5_4w_share,0.14814386
ret_5d,0.13645057
vol_growth,0.1177686
pub_growth,0.11735742
