feature,coef,importance,sign
vol_4w,0.5307285872428584,0.5307285872428584,1.0
top3_4w_share,-0.3384885104752196,0.3384885104752196,-1.0
ret_5d,-0.24169536804128888,0.24169536804128888,-1.0
vol_growth,-0.1229159246949761,0.1229159246949761,-1.0
top5_4w_share,-0.04911378035693548,0.04911378035693548,-1.0
pub_4w,-0.034502668062988615,0.034502668062988615,-1.0
pub_growth,0.026562348268855816,0.026562348268855816,1.0
