{
  "nopub": {
    "logit": {
      "roc_auc": 0.5962459750255242,
      "pr_auc": 0.5607780203200683,
      "accuracy": 0.504424778761062,
      "classification_report": {
        "0": {
          "precision": 0.5614035087719298,
          "recall": 0.2689075630252101,
          "f1-score": 0.36363636363636365,
          "support": 119.0
        },
        "1": {
          "precision": 0.48520710059171596,
          "recall": 0.7663551401869159,
          "f1-score": 0.5942028985507246,
          "support": 107.0
        },
        "accuracy": 0.504424778761062,
        "macro avg": {
          "precision": 0.5233053046818229,
          "recall": 0.517631351606063,
          "f1-score": 0.47891963109354413,
          "support": 226.0
        },
        "weighted avg": {
          "precision": 0.525328218173333,
          "recall": 0.504424778761062,
          "f1-score": 0.47279839565333986,
          "support": 226.0
        }
      },
      "roc_plot": "/Users/xiaogouzuomeng/Documents/publication_stock_price_prediction/data/reports/plots/Healthcare_ROC_logit_withcat_nopub_20220905-20250905.png",
      "pr_plot": "/Users/xiaogouzuomeng/Documents/publication_stock_price_prediction/data/reports/plots/Healthcare_PR_logit_withcat_nopub_20220905-20250905.png"
    },
    "rf": {
      "roc_auc": 0.5993874185188094,
      "pr_auc": 0.5707233204848582,
      "accuracy": 0.5309734513274337,
      "classification_report": {
        "0": {
          "precision": 0.6226415094339622,
          "recall": 0.2773109243697479,
          "f1-score": 0.38372093023255816,
          "support": 119.0
        },
        "1": {
          "precision": 0.5028901734104047,
          "recall": 0.8130841121495327,
          "f1-score": 0.6214285714285714,
          "support": 107.0
        },
        "accuracy": 0.5309734513274337,
        "macro avg": {
          "precision": 0.5627658414221834,
          "recall": 0.5451975182596402,
          "f1-score": 0.5025747508305648,
          "support": 226.0
        },
        "weighted avg": {
          "precision": 0.5659450804316585,
          "recall": 0.5309734513274337,
          "f1-score": 0.49626392849792733,
          "support": 226.0
        }
      },
      "roc_plot": "/Users/xiaogouzuomeng/Documents/publication_stock_price_prediction/data/reports/plots/Healthcare_ROC_rf_withcat_nopub_20220905-20250905.png",
      "pr_plot": "/Users/xiaogouzuomeng/Documents/publication_stock_price_prediction/data/reports/plots/Healthcare_PR_rf_withcat_nopub_20220905-20250905.png"
    },
    "xgb": {
      "roc_auc": 0.5706432105552501,
      "pr_auc": 0.5852513042781404,
      "accuracy": 0.504424778761062,
      "classification_report": {
        "0": {
          "precision": 0.5466666666666666,
          "recall": 0.3445378151260504,
          "f1-score": 0.422680412371134,
          "support": 119.0
        },
        "1": {
          "precision": 0.48344370860927155,
          "recall": 0.6822429906542056,
          "f1-score": 0.5658914728682171,
          "support": 107.0
        },
        "accuracy": 0.504424778761062,
        "macro avg": {
          "precision": 0.5150551876379691,
          "recall": 0.5133904028901279,
          "f1-score": 0.4942859426196755,
          "support": 226.0
        },
        "weighted avg": {
          "precision": 0.5167336732501123,
          "recall": 0.504424778761062,
          "f1-score": 0.49048387906665564,
          "support": 226.0
        }
      },
      "roc_plot": "/Users/xiaogouzuomeng/Documents/publication_stock_price_prediction/data/reports/plots/Healthcare_ROC_xgb_withcat_nopub_20220905-20250905.png",
      "pr_plot": "/Users/xiaogouzuomeng/Documents/publication_stock_price_prediction/data/reports/plots/Healthcare_PR_xgb_withcat_nopub_20220905-20250905.png"
    }
  },
  "withpub": {
    "logit": {
      "roc_auc": 0.6216916673211341,
      "pr_auc": 0.57524113826833,
      "accuracy": 0.5486725663716814,
      "classification_report": {
        "0": {
          "precision": 0.7741935483870968,
          "recall": 0.20168067226890757,
          "f1-score": 0.32,
          "support": 119.0
        },
        "1": {
          "precision": 0.5128205128205128,
          "recall": 0.9345794392523364,
          "f1-score": 0.6622516556291391,
          "support": 107.0
        },
        "accuracy": 0.5486725663716814,
        "macro avg": {
          "precision": 0.6435070306038048,
          "recall": 0.568130055760622,
          "f1-score": 0.4911258278145696,
          "support": 226.0
        },
        "weighted avg": {
          "precision": 0.6504461377427406,
          "recall": 0.5486725663716814,
          "f1-score": 0.48203950067397294,
          "support": 226.0
        }
      },
      "roc_plot": "/Users/xiaogouzuomeng/Documents/publication_stock_price_prediction/data/reports/plots/Healthcare_ROC_logit_withcat_withpub_20220905-20250905.png",
      "pr_plot": "/Users/xiaogouzuomeng/Documents/publication_stock_price_prediction/data/reports/plots/Healthcare_PR_logit_withcat_withpub_20220905-20250905.png"
    },
    "rf": {
      "roc_auc": 0.6266394408230583,
      "pr_auc": 0.6214995814709211,
      "accuracy": 0.5132743362831859,
      "classification_report": {
        "0": {
          "precision": 0.6097560975609756,
          "recall": 0.21008403361344538,
          "f1-score": 0.3125,
          "support": 119.0
        },
        "1": {
          "precision": 0.4918918918918919,
          "recall": 0.8504672897196262,
          "f1-score": 0.6232876712328768,
          "support": 107.0
        },
        "accuracy": 0.5132743362831859,
        "macro avg": {
          "precision": 0.5508239947264337,
          "recall": 0.5302756616665357,
          "f1-score": 0.4678938356164384,
          "support": 226.0
        },
        "weighted avg": {
          "precision": 0.5539531329300378,
          "recall": 0.5132743362831859,
          "f1-score": 0.45964283549521157,
          "support": 226.0
        }
      },
      "roc_plot": "/Users/xiaogouzuomeng/Documents/publication_stock_price_prediction/data/reports/plots/Healthcare_ROC_rf_withcat_withpub_20220905-20250905.png",
      "pr_plot": "/Users/xiaogouzuomeng/Documents/publication_stock_price_prediction/data/reports/plots/Healthcare_PR_rf_withcat_withpub_20220905-20250905.png"
    },
    "xgb": {
      "roc_auc": 0.6200424094871593,
      "pr_auc": 0.6060379780491014,
      "accuracy": 0.5309734513274337,
      "classification_report": {
        "0": {
          "precision": 0.696969696969697,
          "recall": 0.19327731092436976,
          "f1-score": 0.3026315789473684,
          "support": 119.0
        },
        "1": {
          "precision": 0.5025906735751295,
          "recall": 0.9065420560747663,
          "f1-score": 0.6466666666666666,
          "support": 107.0
        },
        "accuracy": 0.5309734513274337,
        "macro avg": {
          "precision": 0.5997801852724133,
          "recall": 0.549909683499568,
          "f1-score": 0.47464912280701754,
          "support": 226.0
        },
        "weighted avg": {
          "precision": 0.6049406903182868,
          "recall": 0.5309734513274337,
          "f1-score": 0.46551544791181493,
          "support": 226.0
        }
      },
      "roc_plot": "/Users/xiaogouzuomeng/Documents/publication_stock_price_prediction/data/reports/plots/Healthcare_ROC_xgb_withcat_withpub_20220905-20250905.png",
      "pr_plot": "/Users/xiaogouzuomeng/Documents/publication_stock_price_prediction/data/reports/plots/Healthcare_PR_xgb_withcat_withpub_20220905-20250905.png"
    }
  }
}