feature,importance
vol_4w,0.36056624705247414
close_mean,0.2954265476644563
vol_growth,0.189065621827462
ret_1d,0.15494158345560757
