{
  "logit": {
    "roc_auc": 0.6746376811594202,
    "pr_auc": 0.7441744032473745,
    "classification_report": {
      "0": {
        "precision": 0.39473684210526316,
        "recall": 1.0,
        "f1-score": 0.5660377358490566,
        "support": 30.0
      },
      "1": {
        "precision": 0.0,
        "recall": 0.0,
        "f1-score": 0.0,
        "support": 46.0
      },
      "accuracy": 0.39473684210526316,
      "macro avg": {
        "precision": 0.19736842105263158,
        "recall": 0.5,
        "f1-score": 0.2830188679245283,
        "support": 76.0
      },
      "weighted avg": {
        "precision": 0.15581717451523547,
        "recall": 0.39473684210526316,
        "f1-score": 0.2234359483614697,
        "support": 76.0
      }
    },
    "roc_plot": "/Users/xiaogouzuomeng/Documents/publication_stock_price_prediction/data/reports/plots/Industrials_ROC_logit_nocat.png",
    "pr_plot": "/Users/xiaogouzuomeng/Documents/publication_stock_price_prediction/data/reports/plots/Industrials_PR_logit_nocat.png"
  },
  "rf": {
    "roc_auc": 0.5434782608695652,
    "pr_auc": 0.6872841106110451,
    "classification_report": {
      "0": {
        "precision": 0.43333333333333335,
        "recall": 0.43333333333333335,
        "f1-score": 0.43333333333333335,
        "support": 30.0
      },
      "1": {
        "precision": 0.6304347826086957,
        "recall": 0.6304347826086957,
        "f1-score": 0.6304347826086957,
        "support": 46.0
      },
      "accuracy": 0.5526315789473685,
      "macro avg": {
        "precision": 0.5318840579710145,
        "recall": 0.5318840579710145,
        "f1-score": 0.5318840579710145,
        "support": 76.0
      },
      "weighted avg": {
        "precision": 0.5526315789473685,
        "recall": 0.5526315789473685,
        "f1-score": 0.5526315789473685,
        "support": 76.0
      }
    },
    "roc_plot": "/Users/xiaogouzuomeng/Documents/publication_stock_price_prediction/data/reports/plots/Industrials_ROC_rf_nocat.png",
    "pr_plot": "/Users/xiaogouzuomeng/Documents/publication_stock_price_prediction/data/reports/plots/Industrials_PR_rf_nocat.png"
  },
  "xgb": {
    "roc_auc": 0.6753623188405797,
    "pr_auc": 0.7593400556322756,
    "classification_report": {
      "0": {
        "precision": 0.40540540540540543,
        "recall": 1.0,
        "f1-score": 0.5769230769230769,
        "support": 30.0
      },
      "1": {
        "precision": 1.0,
        "recall": 0.043478260869565216,
        "f1-score": 0.08333333333333333,
        "support": 46.0
      },
      "accuracy": 0.42105263157894735,
      "macro avg": {
        "precision": 0.7027027027027027,
        "recall": 0.5217391304347826,
        "f1-score": 0.3301282051282051,
        "support": 76.0
      },
      "weighted avg": {
        "precision": 0.7652916073968705,
        "recall": 0.42105263157894735,
        "f1-score": 0.2781713900134952,
        "support": 76.0
      }
    },
    "roc_plot": "/Users/xiaogouzuomeng/Documents/publication_stock_price_prediction/data/reports/plots/Industrials_ROC_xgb_nocat.png",
    "pr_plot": "/Users/xiaogouzuomeng/Documents/publication_stock_price_prediction/data/reports/plots/Industrials_PR_xgb_nocat.png"
  }
}