feature,importance
close_mean,0.29308283
pub_4w,0.19115882
vol_4w,0.18020928
ret_1d,0.13725276
pub_growth,0.09927895
vol_growth,0.09901738
