feature,importance
close_mean,0.3014679101965303
vol_4w,0.24974078193337115
pub_4w,0.2020662044674886
ret_1d,0.10764738898519711
pub_growth,0.07097192164504629
vol_growth,0.06810579277236668
