{
  "logit": {
    "roc_auc": 0.8466617754952311,
    "pr_auc": 0.8703785228262175,
    "classification_report": {
      "0": {
        "precision": 0.4,
        "recall": 0.9655172413793104,
        "f1-score": 0.5656565656565656,
        "support": 29.0
      },
      "1": {
        "precision": 0.8333333333333334,
        "recall": 0.10638297872340426,
        "f1-score": 0.18867924528301888,
        "support": 47.0
      },
      "accuracy": 0.4342105263157895,
      "macro avg": {
        "precision": 0.6166666666666667,
        "recall": 0.5359501100513573,
        "f1-score": 0.3771679054697923,
        "support": 76.0
      },
      "weighted avg": {
        "precision": 0.667982456140351,
        "recall": 0.4342105263157895,
        "f1-score": 0.3325258543729249,
        "support": 76.0
      }
    },
    "roc_plot": "/Users/xiaogouzuomeng/Documents/publication_stock_price_prediction/data/reports/plots/Semiconductors_ROC_logit_nocat.png",
    "pr_plot": "/Users/xiaogouzuomeng/Documents/publication_stock_price_prediction/data/reports/plots/Semiconductors_PR_logit_nocat.png"
  },
  "rf": {
    "roc_auc": 0.5722670579603816,
    "pr_auc": 0.7271992979264743,
    "classification_report": {
      "0": {
        "precision": 0.4153846153846154,
        "recall": 0.9310344827586207,
        "f1-score": 0.574468085106383,
        "support": 29.0
      },
      "1": {
        "precision": 0.8181818181818182,
        "recall": 0.19148936170212766,
        "f1-score": 0.3103448275862069,
        "support": 47.0
      },
      "accuracy": 0.47368421052631576,
      "macro avg": {
        "precision": 0.6167832167832168,
        "recall": 0.5612619222303742,
        "f1-score": 0.44240645634629494,
        "support": 76.0
      },
      "weighted avg": {
        "precision": 0.6644828855355173,
        "recall": 0.47368421052631576,
        "f1-score": 0.4111287021662741,
        "support": 76.0
      }
    },
    "roc_plot": "/Users/xiaogouzuomeng/Documents/publication_stock_price_prediction/data/reports/plots/Semiconductors_ROC_rf_nocat.png",
    "pr_plot": "/Users/xiaogouzuomeng/Documents/publication_stock_price_prediction/data/reports/plots/Semiconductors_PR_rf_nocat.png"
  },
  "xgb": {
    "roc_auc": 0.6104181951577403,
    "pr_auc": 0.7435664555146666,
    "classification_report": {
      "0": {
        "precision": 0.421875,
        "recall": 0.9310344827586207,
        "f1-score": 0.5806451612903226,
        "support": 29.0
      },
      "1": {
        "precision": 0.8333333333333334,
        "recall": 0.2127659574468085,
        "f1-score": 0.3389830508474576,
        "support": 47.0
      },
      "accuracy": 0.4868421052631579,
      "macro avg": {
        "precision": 0.6276041666666667,
        "recall": 0.5719002201027146,
        "f1-score": 0.4598141060688901,
        "support": 76.0
      },
      "weighted avg": {
        "precision": 0.6763294956140351,
        "recall": 0.4868421052631579,
        "f1-score": 0.4311962245690772,
        "support": 76.0
      }
    },
    "roc_plot": "/Users/xiaogouzuomeng/Documents/publication_stock_price_prediction/data/reports/plots/Semiconductors_ROC_xgb_nocat.png",
    "pr_plot": "/Users/xiaogouzuomeng/Documents/publication_stock_price_prediction/data/reports/plots/Semiconductors_PR_xgb_nocat.png"
  }
}