{
  "nopub": {
    "logit": {
      "roc_auc": 0.41577060931899645,
      "pr_auc": 0.5130788814074403,
      "accuracy": 0.5131578947368421,
      "classification_report": {
        "0": {
          "precision": 0.4,
          "recall": 0.3870967741935484,
          "f1-score": 0.39344262295081966,
          "support": 31.0
        },
        "1": {
          "precision": 0.5869565217391305,
          "recall": 0.6,
          "f1-score": 0.5934065934065934,
          "support": 45.0
        },
        "accuracy": 0.5131578947368421,
        "macro avg": {
          "precision": 0.49347826086956526,
          "recall": 0.4935483870967742,
          "f1-score": 0.49342460817870654,
          "support": 76.0
        },
        "weighted avg": {
          "precision": 0.5106979405034325,
          "recall": 0.5131578947368421,
          "f1-score": 0.5118423422996331,
          "support": 76.0
        }
      },
      "roc_plot": "/Users/xiaogouzuomeng/Documents/publication_stock_price_prediction/data/reports/plots/Semiconductors_ROC_logit_withcat_nopub_20240905-20250905.png",
      "pr_plot": "/Users/xiaogouzuomeng/Documents/publication_stock_price_prediction/data/reports/plots/Semiconductors_PR_logit_withcat_nopub_20240905-20250905.png"
    },
    "rf": {
      "roc_auc": 0.39068100358422936,
      "pr_auc": 0.4996214326021886,
      "accuracy": 0.5657894736842105,
      "classification_report": {
        "0": {
          "precision": 0.42857142857142855,
          "recall": 0.1935483870967742,
          "f1-score": 0.26666666666666666,
          "support": 31.0
        },
        "1": {
          "precision": 0.5967741935483871,
          "recall": 0.8222222222222222,
          "f1-score": 0.6915887850467289,
          "support": 45.0
        },
        "accuracy": 0.5657894736842105,
        "macro avg": {
          "precision": 0.5126728110599078,
          "recall": 0.5078853046594982,
          "f1-score": 0.47912772585669783,
          "support": 76.0
        },
        "weighted avg": {
          "precision": 0.5281651709919961,
          "recall": 0.5657894736842105,
          "f1-score": 0.5182652893917036,
          "support": 76.0
        }
      },
      "roc_plot": "/Users/xiaogouzuomeng/Documents/publication_stock_price_prediction/data/reports/plots/Semiconductors_ROC_rf_withcat_nopub_20240905-20250905.png",
      "pr_plot": "/Users/xiaogouzuomeng/Documents/publication_stock_price_prediction/data/reports/plots/Semiconductors_PR_rf_withcat_nopub_20240905-20250905.png"
    },
    "xgb": {
      "roc_auc": 0.5318996415770609,
      "pr_auc": 0.6168732664344152,
      "accuracy": 0.6052631578947368,
      "classification_report": {
        "0": {
          "precision": 0.5714285714285714,
          "recall": 0.12903225806451613,
          "f1-score": 0.21052631578947367,
          "support": 31.0
        },
        "1": {
          "precision": 0.6086956521739131,
          "recall": 0.9333333333333333,
          "f1-score": 0.7368421052631579,
          "support": 45.0
        },
        "accuracy": 0.6052631578947368,
        "macro avg": {
          "precision": 0.5900621118012422,
          "recall": 0.5311827956989248,
          "f1-score": 0.47368421052631576,
          "support": 76.0
        },
        "weighted avg": {
          "precision": 0.5934946060804185,
          "recall": 0.6052631578947368,
          "f1-score": 0.5221606648199446,
          "support": 76.0
        }
      },
      "roc_plot": "/Users/xiaogouzuomeng/Documents/publication_stock_price_prediction/data/reports/plots/Semiconductors_ROC_xgb_withcat_nopub_20240905-20250905.png",
      "pr_plot": "/Users/xiaogouzuomeng/Documents/publication_stock_price_prediction/data/reports/plots/Semiconductors_PR_xgb_withcat_nopub_20240905-20250905.png"
    }
  },
  "withpub": {
    "logit": {
      "roc_auc": 0.46164874551971324,
      "pr_auc": 0.5451936948794148,
      "accuracy": 0.4868421052631579,
      "classification_report": {
        "0": {
          "precision": 0.4090909090909091,
          "recall": 0.5806451612903226,
          "f1-score": 0.48,
          "support": 31.0
        },
        "1": {
          "precision": 0.59375,
          "recall": 0.4222222222222222,
          "f1-score": 0.4935064935064935,
          "support": 45.0
        },
        "accuracy": 0.4868421052631579,
        "macro avg": {
          "precision": 0.5014204545454546,
          "recall": 0.5014336917562724,
          "f1-score": 0.4867532467532467,
          "support": 76.0
        },
        "weighted avg": {
          "precision": 0.518428528708134,
          "recall": 0.4868421052631579,
          "f1-score": 0.4879972658920027,
          "support": 76.0
        }
      },
      "roc_plot": "/Users/xiaogouzuomeng/Documents/publication_stock_price_prediction/data/reports/plots/Semiconductors_ROC_logit_withcat_withpub_20240905-20250905.png",
      "pr_plot": "/Users/xiaogouzuomeng/Documents/publication_stock_price_prediction/data/reports/plots/Semiconductors_PR_logit_withcat_withpub_20240905-20250905.png"
    },
    "rf": {
      "roc_auc": 0.4530465949820789,
      "pr_auc": 0.5487405138699805,
      "accuracy": 0.4605263157894737,
      "classification_report": {
        "0": {
          "precision": 0.3684210526315789,
          "recall": 0.45161290322580644,
          "f1-score": 0.4057971014492754,
          "support": 31.0
        },
        "1": {
          "precision": 0.5526315789473685,
          "recall": 0.4666666666666667,
          "f1-score": 0.5060240963855421,
          "support": 45.0
        },
        "accuracy": 0.4605263157894737,
        "macro avg": {
          "precision": 0.4605263157894737,
          "recall": 0.45913978494623653,
          "f1-score": 0.45591059891740876,
          "support": 76.0
        },
        "weighted avg": {
          "precision": 0.4774930747922438,
          "recall": 0.4605263157894737,
          "f1-score": 0.4651420326615386,
          "support": 76.0
        }
      },
      "roc_plot": "/Users/xiaogouzuomeng/Documents/publication_stock_price_prediction/data/reports/plots/Semiconductors_ROC_rf_withcat_withpub_20240905-20250905.png",
      "pr_plot": "/Users/xiaogouzuomeng/Documents/publication_stock_price_prediction/data/reports/plots/Semiconductors_PR_rf_withcat_withpub_20240905-20250905.png"
    },
    "xgb": {
      "roc_auc": 0.5849462365591398,
      "pr_auc": 0.659553418122101,
      "accuracy": 0.4473684210526316,
      "classification_report": {
        "0": {
          "precision": 0.4,
          "recall": 0.7096774193548387,
          "f1-score": 0.5116279069767442,
          "support": 31.0
        },
        "1": {
          "precision": 0.5714285714285714,
          "recall": 0.26666666666666666,
          "f1-score": 0.36363636363636365,
          "support": 45.0
        },
        "accuracy": 0.4473684210526316,
        "macro avg": {
          "precision": 0.4857142857142857,
          "recall": 0.4881720430107527,
          "f1-score": 0.4376321353065539,
          "support": 76.0
        },
        "weighted avg": {
          "precision": 0.5015037593984962,
          "recall": 0.4473684210526316,
          "f1-score": 0.42400133526204514,
          "support": 76.0
        }
      },
      "roc_plot": "/Users/xiaogouzuomeng/Documents/publication_stock_price_prediction/data/reports/plots/Semiconductors_ROC_xgb_withcat_withpub_20240905-20250905.png",
      "pr_plot": "/Users/xiaogouzuomeng/Documents/publication_stock_price_prediction/data/reports/plots/Semiconductors_PR_xgb_withcat_withpub_20240905-20250905.png"
    }
  }
}