feature,importance
close_mean,0.30071124
vol_4w,0.18071134
ret_1d,0.13963617
vol_growth,0.1290312
pub_4w,0.12579988
pub_growth,0.12411021
