feature,importance
close_mean,0.29325184
pub_4w,0.20440443
vol_4w,0.17318518
ret_1d,0.14904678
vol_growth,0.096060455
pub_growth,0.084051274
