{
  "logit": {
    "roc_auc": 0.6867204695524578,
    "pr_auc": 0.7688313915718806,
    "classification_report": {
      "0": {
        "precision": 0.423728813559322,
        "recall": 0.8620689655172413,
        "f1-score": 0.5681818181818182,
        "support": 29.0
      },
      "1": {
        "precision": 0.7647058823529411,
        "recall": 0.2765957446808511,
        "f1-score": 0.40625,
        "support": 47.0
      },
      "accuracy": 0.5,
      "macro avg": {
        "precision": 0.5942173479561316,
        "recall": 0.5693323550990462,
        "f1-score": 0.4872159090909091,
        "support": 76.0
      },
      "weighted avg": {
        "precision": 0.6345962113659023,
        "recall": 0.5,
        "f1-score": 0.4680397727272728,
        "support": 76.0
      }
    },
    "roc_plot": "/Users/xiaogouzuomeng/Documents/publication_stock_price_prediction/data/reports/plots/Semiconductors_ROC_logit_withcat.png",
    "pr_plot": "/Users/xiaogouzuomeng/Documents/publication_stock_price_prediction/data/reports/plots/Semiconductors_PR_logit_withcat.png"
  },
  "rf": {
    "roc_auc": 0.5465884079236977,
    "pr_auc": 0.6948171811546079,
    "classification_report": {
      "0": {
        "precision": 0.421875,
        "recall": 0.9310344827586207,
        "f1-score": 0.5806451612903226,
        "support": 29.0
      },
      "1": {
        "precision": 0.8333333333333334,
        "recall": 0.2127659574468085,
        "f1-score": 0.3389830508474576,
        "support": 47.0
      },
      "accuracy": 0.4868421052631579,
      "macro avg": {
        "precision": 0.6276041666666667,
        "recall": 0.5719002201027146,
        "f1-score": 0.4598141060688901,
        "support": 76.0
      },
      "weighted avg": {
        "precision": 0.6763294956140351,
        "recall": 0.4868421052631579,
        "f1-score": 0.4311962245690772,
        "support": 76.0
      }
    },
    "roc_plot": "/Users/xiaogouzuomeng/Documents/publication_stock_price_prediction/data/reports/plots/Semiconductors_ROC_rf_withcat.png",
    "pr_plot": "/Users/xiaogouzuomeng/Documents/publication_stock_price_prediction/data/reports/plots/Semiconductors_PR_rf_withcat.png"
  },
  "xgb": {
    "roc_auc": 0.6023477622890683,
    "pr_auc": 0.7479190509771284,
    "classification_report": {
      "0": {
        "precision": 0.42857142857142855,
        "recall": 0.9310344827586207,
        "f1-score": 0.5869565217391305,
        "support": 29.0
      },
      "1": {
        "precision": 0.8461538461538461,
        "recall": 0.23404255319148937,
        "f1-score": 0.36666666666666664,
        "support": 47.0
      },
      "accuracy": 0.5,
      "macro avg": {
        "precision": 0.6373626373626373,
        "recall": 0.5825385179750551,
        "f1-score": 0.47681159420289854,
        "support": 76.0
      },
      "weighted avg": {
        "precision": 0.6868131868131867,
        "recall": 0.5,
        "f1-score": 0.4507246376811594,
        "support": 76.0
      }
    },
    "roc_plot": "/Users/xiaogouzuomeng/Documents/publication_stock_price_prediction/data/reports/plots/Semiconductors_ROC_xgb_withcat.png",
    "pr_plot": "/Users/xiaogouzuomeng/Documents/publication_stock_price_prediction/data/reports/plots/Semiconductors_PR_xgb_withcat.png"
  }
}