feature,coef,importance,sign
top3_4w_share,0.9323004638044466,0.9323004638044466,1.0
ret_5d,-0.4980607544213274,0.4980607544213274,-1.0
pub_growth,0.3637423395973192,0.3637423395973192,1.0
pub_4w,0.2213780668478416,0.2213780668478416,1.0
vol_4w,0.07573197394504481,0.07573197394504481,1.0
top5_4w_share,0.038523112175721436,0.038523112175721436,1.0
vol_growth,0.02616571508522727,0.02616571508522727,1.0
