{
  "nopub": {
    "logit": {
      "roc_auc": 0.5705196182396606,
      "pr_auc": 0.6332349468500824,
      "accuracy": 0.5231788079470199,
      "classification_report": {
        "0": {
          "precision": 0.4810126582278481,
          "recall": 0.5507246376811594,
          "f1-score": 0.5135135135135135,
          "support": 69.0
        },
        "1": {
          "precision": 0.5694444444444444,
          "recall": 0.5,
          "f1-score": 0.5324675324675324,
          "support": 82.0
        },
        "accuracy": 0.5231788079470199,
        "macro avg": {
          "precision": 0.5252285513361463,
          "recall": 0.5253623188405797,
          "f1-score": 0.522990522990523,
          "support": 151.0
        },
        "weighted avg": {
          "precision": 0.5290352176302382,
          "recall": 0.5231788079470199,
          "f1-score": 0.5238064244686761,
          "support": 151.0
        }
      },
      "roc_plot": "/Users/xiaogouzuomeng/Documents/publication_stock_price_prediction/data/reports/plots/Semiconductors_ROC_logit_withcat_nopub_20230905-20250905.png",
      "pr_plot": "/Users/xiaogouzuomeng/Documents/publication_stock_price_prediction/data/reports/plots/Semiconductors_PR_logit_withcat_nopub_20230905-20250905.png"
    },
    "rf": {
      "roc_auc": 0.5182043124779074,
      "pr_auc": 0.5384109179607633,
      "accuracy": 0.46357615894039733,
      "classification_report": {
        "0": {
          "precision": 0.42857142857142855,
          "recall": 0.5217391304347826,
          "f1-score": 0.47058823529411764,
          "support": 69.0
        },
        "1": {
          "precision": 0.5074626865671642,
          "recall": 0.4146341463414634,
          "f1-score": 0.4563758389261745,
          "support": 82.0
        },
        "accuracy": 0.46357615894039733,
        "macro avg": {
          "precision": 0.46801705756929635,
          "recall": 0.468186638388123,
          "f1-score": 0.4634820371101461,
          "support": 151.0
        },
        "weighted avg": {
          "precision": 0.4714130388737486,
          "recall": 0.46357615894039733,
          "f1-score": 0.4628702452135128,
          "support": 151.0
        }
      },
      "roc_plot": "/Users/xiaogouzuomeng/Documents/publication_stock_price_prediction/data/reports/plots/Semiconductors_ROC_rf_withcat_nopub_20230905-20250905.png",
      "pr_plot": "/Users/xiaogouzuomeng/Documents/publication_stock_price_prediction/data/reports/plots/Semiconductors_PR_rf_withcat_nopub_20230905-20250905.png"
    },
    "xgb": {
      "roc_auc": 0.5042417815482503,
      "pr_auc": 0.5306340138862877,
      "accuracy": 0.5496688741721855,
      "classification_report": {
        "0": {
          "precision": 0.5063291139240507,
          "recall": 0.5797101449275363,
          "f1-score": 0.5405405405405406,
          "support": 69.0
        },
        "1": {
          "precision": 0.5972222222222222,
          "recall": 0.524390243902439,
          "f1-score": 0.5584415584415584,
          "support": 82.0
        },
        "accuracy": 0.5496688741721855,
        "macro avg": {
          "precision": 0.5517756680731365,
          "recall": 0.5520501944149876,
          "f1-score": 0.5494910494910494,
          "support": 151.0
        },
        "weighted avg": {
          "precision": 0.5556882853177597,
          "recall": 0.5496688741721855,
          "f1-score": 0.5502616231093052,
          "support": 151.0
        }
      },
      "roc_plot": "/Users/xiaogouzuomeng/Documents/publication_stock_price_prediction/data/reports/plots/Semiconductors_ROC_xgb_withcat_nopub_20230905-20250905.png",
      "pr_plot": "/Users/xiaogouzuomeng/Documents/publication_stock_price_prediction/data/reports/plots/Semiconductors_PR_xgb_withcat_nopub_20230905-20250905.png"
    }
  },
  "withpub": {
    "logit": {
      "roc_auc": 0.6136443973135383,
      "pr_auc": 0.6674797551303655,
      "accuracy": 0.5298013245033113,
      "classification_report": {
        "0": {
          "precision": 0.48717948717948717,
          "recall": 0.5507246376811594,
          "f1-score": 0.5170068027210885,
          "support": 69.0
        },
        "1": {
          "precision": 0.5753424657534246,
          "recall": 0.5121951219512195,
          "f1-score": 0.5419354838709678,
          "support": 82.0
        },
        "accuracy": 0.5298013245033113,
        "macro avg": {
          "precision": 0.5312609764664559,
          "recall": 0.5314598798161895,
          "f1-score": 0.5294711432960282,
          "support": 151.0
        },
        "weighted avg": {
          "precision": 0.535056071570632,
          "recall": 0.5298013245033113,
          "f1-score": 0.5305442322196985,
          "support": 151.0
        }
      },
      "roc_plot": "/Users/xiaogouzuomeng/Documents/publication_stock_price_prediction/data/reports/plots/Semiconductors_ROC_logit_withcat_withpub_20230905-20250905.png",
      "pr_plot": "/Users/xiaogouzuomeng/Documents/publication_stock_price_prediction/data/reports/plots/Semiconductors_PR_logit_withcat_withpub_20230905-20250905.png"
    },
    "rf": {
      "roc_auc": 0.43831742665252743,
      "pr_auc": 0.5063564247418826,
      "accuracy": 0.4900662251655629,
      "classification_report": {
        "0": {
          "precision": 0.45121951219512196,
          "recall": 0.5362318840579711,
          "f1-score": 0.4900662251655629,
          "support": 69.0
        },
        "1": {
          "precision": 0.5362318840579711,
          "recall": 0.45121951219512196,
          "f1-score": 0.4900662251655629,
          "support": 82.0
        },
        "accuracy": 0.4900662251655629,
        "macro avg": {
          "precision": 0.49372569812654654,
          "recall": 0.49372569812654654,
          "f1-score": 0.4900662251655629,
          "support": 151.0
        },
        "weighted avg": {
          "precision": 0.4973851710875301,
          "recall": 0.4900662251655629,
          "f1-score": 0.4900662251655629,
          "support": 151.0
        }
      },
      "roc_plot": "/Users/xiaogouzuomeng/Documents/publication_stock_price_prediction/data/reports/plots/Semiconductors_ROC_rf_withcat_withpub_20230905-20250905.png",
      "pr_plot": "/Users/xiaogouzuomeng/Documents/publication_stock_price_prediction/data/reports/plots/Semiconductors_PR_rf_withcat_withpub_20230905-20250905.png"
    },
    "xgb": {
      "roc_auc": 0.4280664545775893,
      "pr_auc": 0.4826588701995278,
      "accuracy": 0.48344370860927155,
      "classification_report": {
        "0": {
          "precision": 0.4444444444444444,
          "recall": 0.5217391304347826,
          "f1-score": 0.48,
          "support": 69.0
        },
        "1": {
          "precision": 0.5285714285714286,
          "recall": 0.45121951219512196,
          "f1-score": 0.4868421052631579,
          "support": 82.0
        },
        "accuracy": 0.48344370860927155,
        "macro avg": {
          "precision": 0.4865079365079365,
          "recall": 0.4864793213149523,
          "f1-score": 0.483421052631579,
          "support": 151.0
        },
        "weighted avg": {
          "precision": 0.4901292967518133,
          "recall": 0.48344370860927155,
          "f1-score": 0.48371558034158235,
          "support": 151.0
        }
      },
      "roc_plot": "/Users/xiaogouzuomeng/Documents/publication_stock_price_prediction/data/reports/plots/Semiconductors_ROC_xgb_withcat_withpub_20230905-20250905.png",
      "pr_plot": "/Users/xiaogouzuomeng/Documents/publication_stock_price_prediction/data/reports/plots/Semiconductors_PR_xgb_withcat_withpub_20230905-20250905.png"
    }
  }
}