feature,importance
close_mean,0.36822612363888146
vol_4w,0.1602354040446864
pub_4w,0.1585394756041501
ret_1d,0.11260183005361642
pub_growth,0.10155413178066663
vol_growth,0.09884303487799896
