{
  "logit": {
    "roc_auc": 0.7044649184975195,
    "pr_auc": 0.7083925991861035,
    "classification_report": {
      "0": {
        "precision": 0.5319148936170213,
        "recall": 0.7352941176470589,
        "f1-score": 0.6172839506172839,
        "support": 68.0
      },
      "1": {
        "precision": 0.6842105263157895,
        "recall": 0.46987951807228917,
        "f1-score": 0.5571428571428572,
        "support": 83.0
      },
      "accuracy": 0.5894039735099338,
      "macro avg": {
        "precision": 0.6080627099664053,
        "recall": 0.602586817859674,
        "f1-score": 0.5872134038800705,
        "support": 151.0
      },
      "weighted avg": {
        "precision": 0.6156270625838938,
        "recall": 0.5894039735099338,
        "f1-score": 0.5842262634757116,
        "support": 151.0
      }
    },
    "roc_plot": "/Users/xiaogouzuomeng/Documents/publication_stock_price_prediction/data/reports/plots/Semiconductors_ROC_logit_nocat_20230904-20250904.png",
    "pr_plot": "/Users/xiaogouzuomeng/Documents/publication_stock_price_prediction/data/reports/plots/Semiconductors_PR_logit_nocat_20230904-20250904.png"
  },
  "rf": {
    "roc_auc": 0.5212615166548547,
    "pr_auc": 0.5674310715997114,
    "classification_report": {
      "0": {
        "precision": 0.4945054945054945,
        "recall": 0.6617647058823529,
        "f1-score": 0.5660377358490566,
        "support": 68.0
      },
      "1": {
        "precision": 0.6166666666666667,
        "recall": 0.4457831325301205,
        "f1-score": 0.5174825174825175,
        "support": 83.0
      },
      "accuracy": 0.543046357615894,
      "macro avg": {
        "precision": 0.5555860805860806,
        "recall": 0.5537739192062368,
        "f1-score": 0.541760126665787,
        "support": 151.0
      },
      "weighted avg": {
        "precision": 0.5616536884748806,
        "recall": 0.543046357615894,
        "f1-score": 0.5393484436343364,
        "support": 151.0
      }
    },
    "roc_plot": "/Users/xiaogouzuomeng/Documents/publication_stock_price_prediction/data/reports/plots/Semiconductors_ROC_rf_nocat_20230904-20250904.png",
    "pr_plot": "/Users/xiaogouzuomeng/Documents/publication_stock_price_prediction/data/reports/plots/Semiconductors_PR_rf_nocat_20230904-20250904.png"
  },
  "xgb": {
    "roc_auc": 0.5485471296952515,
    "pr_auc": 0.5708454751215354,
    "classification_report": {
      "0": {
        "precision": 0.5108695652173914,
        "recall": 0.6911764705882353,
        "f1-score": 0.5875,
        "support": 68.0
      },
      "1": {
        "precision": 0.6440677966101694,
        "recall": 0.4578313253012048,
        "f1-score": 0.5352112676056338,
        "support": 83.0
      },
      "accuracy": 0.5629139072847682,
      "macro avg": {
        "precision": 0.5774686809137803,
        "recall": 0.57450389794472,
        "f1-score": 0.561355633802817,
        "support": 151.0
      },
      "weighted avg": {
        "precision": 0.5840844871087859,
        "recall": 0.5629139072847682,
        "f1-score": 0.558758511332898,
        "support": 151.0
      }
    },
    "roc_plot": "/Users/xiaogouzuomeng/Documents/publication_stock_price_prediction/data/reports/plots/Semiconductors_ROC_xgb_nocat_20230904-20250904.png",
    "pr_plot": "/Users/xiaogouzuomeng/Documents/publication_stock_price_prediction/data/reports/plots/Semiconductors_PR_xgb_nocat_20230904-20250904.png"
  }
}