feature,importance
close_mean,0.3086071141512895
pub_4w,0.21632677013134752
vol_4w,0.17266483782730224
ret_1d,0.15002309695914964
vol_growth,0.08258592088189395
pub_growth,0.0697922600490171
