feature,importance
close_mean,0.34854422045035865
vol_4w,0.15664013390371823
ret_1d,0.1324739397629644
pub_4w,0.12289170638660274
vol_growth,0.09383382355348585
top1_count,0.07422336855981879
top2_share,0.0713928073830513
