feature,importance
vol_4w,0.39278103725985025
ret_5d,0.32057629384116015
vol_growth,0.28664266889898965
