feature,coef,importance,sign
close_mean,-0.3406252174858568,0.3406252174858568,-1.0
ret_1d,-0.14053984244660211,0.14053984244660211,-1.0
vol_4w,0.09669520967282642,0.09669520967282642,1.0
vol_growth,0.057483774295709424,0.057483774295709424,1.0
