feature,importance
vol_4w,0.362380630810181
ret_5d,0.36036368115045714
vol_growth,0.27725568803936196
