feature,importance
close_mean,0.24016857
vol_4w,0.20176321
pub_4w,0.14929634
vol_growth,0.13954817
pub_growth,0.13552083
ret_1d,0.1337028
