feature,coef,importance,sign
ret_1d,-0.26403790689853324,0.26403790689853324,-1.0
vol_4w,0.2519879921030072,0.2519879921030072,1.0
pub_growth,0.23893229853798453,0.23893229853798453,1.0
close_mean,-0.21732133368446285,0.21732133368446285,-1.0
pub_4w,-0.07145153282402436,0.07145153282402436,-1.0
vol_growth,-0.06531054135778883,0.06531054135778883,-1.0
