feature,importance
vol_4w,0.1764116
top5_4w_share,0.15663946
top3_4w_share,0.15130334
pub_4w,0.15062489
ret_5d,0.13311292
pub_growth,0.12092607
vol_growth,0.110981785
