feature,importance
top3_4w_share,0.20512013
ret_5d,0.19124112
pub_4w,0.14699316
top5_4w_share,0.13654892
vol_4w,0.12032308
pub_growth,0.10397386
vol_growth,0.0957997
