feature,coef,importance,sign
top1_count,0.4441838222226536,0.4441838222226536,1.0
close_mean,-0.27939611706327744,0.27939611706327744,-1.0
top2_share,0.2670063061997226,0.2670063061997226,1.0
ret_1d,-0.17496298715553446,0.17496298715553446,-1.0
vol_4w,0.15810779507861605,0.15810779507861605,1.0
vol_growth,0.06954402764646393,0.06954402764646393,1.0
pub_4w,0.029213592364896252,0.029213592364896252,1.0
