feature,importance
close_mean,0.2503113463654535
vol_4w,0.2268427975585211
pub_4w,0.16820643025414897
ret_1d,0.1256782174736862
vol_growth,0.1154798771819229
pub_growth,0.11348133116626734
