{
  "nopub": {
    "logit": {
      "roc_auc": 0.7627240143369175,
      "pr_auc": 0.834021702459516,
      "accuracy": 0.6447368421052632,
      "classification_report": {
        "0": {
          "precision": 1.0,
          "recall": 0.12903225806451613,
          "f1-score": 0.22857142857142856,
          "support": 31.0
        },
        "1": {
          "precision": 0.625,
          "recall": 1.0,
          "f1-score": 0.7692307692307693,
          "support": 45.0
        },
        "accuracy": 0.6447368421052632,
        "macro avg": {
          "precision": 0.8125,
          "recall": 0.564516129032258,
          "f1-score": 0.4989010989010989,
          "support": 76.0
        },
        "weighted avg": {
          "precision": 0.7779605263157895,
          "recall": 0.6447368421052632,
          "f1-score": 0.5486986697513013,
          "support": 76.0
        }
      },
      "roc_plot": "/Users/xiaogouzuomeng/Documents/publication_stock_price_prediction/data/reports/plots/Semiconductors_ROC_logit_nocat_nopub_20240905-20250905.png",
      "pr_plot": "/Users/xiaogouzuomeng/Documents/publication_stock_price_prediction/data/reports/plots/Semiconductors_PR_logit_nocat_nopub_20240905-20250905.png"
    },
    "rf": {
      "roc_auc": 0.47168458781362005,
      "pr_auc": 0.5577705794380884,
      "accuracy": 0.5921052631578947,
      "classification_report": {
        "0": {
          "precision": 0.5,
          "recall": 0.0967741935483871,
          "f1-score": 0.16216216216216217,
          "support": 31.0
        },
        "1": {
          "precision": 0.6,
          "recall": 0.9333333333333333,
          "f1-score": 0.7304347826086957,
          "support": 45.0
        },
        "accuracy": 0.5921052631578947,
        "macro avg": {
          "precision": 0.55,
          "recall": 0.5150537634408602,
          "f1-score": 0.4462984723854289,
          "support": 76.0
        },
        "weighted avg": {
          "precision": 0.5592105263157895,
          "recall": 0.5921052631578947,
          "f1-score": 0.4986393716370833,
          "support": 76.0
        }
      },
      "roc_plot": "/Users/xiaogouzuomeng/Documents/publication_stock_price_prediction/data/reports/plots/Semiconductors_ROC_rf_nocat_nopub_20240905-20250905.png",
      "pr_plot": "/Users/xiaogouzuomeng/Documents/publication_stock_price_prediction/data/reports/plots/Semiconductors_PR_rf_nocat_nopub_20240905-20250905.png"
    },
    "xgb": {
      "roc_auc": 0.5598566308243729,
      "pr_auc": 0.6506777537287814,
      "accuracy": 0.618421052631579,
      "classification_report": {
        "0": {
          "precision": 0.6666666666666666,
          "recall": 0.12903225806451613,
          "f1-score": 0.21621621621621623,
          "support": 31.0
        },
        "1": {
          "precision": 0.6142857142857143,
          "recall": 0.9555555555555556,
          "f1-score": 0.7478260869565218,
          "support": 45.0
        },
        "accuracy": 0.618421052631579,
        "macro avg": {
          "precision": 0.6404761904761904,
          "recall": 0.5422939068100359,
          "f1-score": 0.482021151586369,
          "support": 76.0
        },
        "weighted avg": {
          "precision": 0.6356516290726817,
          "recall": 0.618421052631579,
          "f1-score": 0.5309852186282392,
          "support": 76.0
        }
      },
      "roc_plot": "/Users/xiaogouzuomeng/Documents/publication_stock_price_prediction/data/reports/plots/Semiconductors_ROC_xgb_nocat_nopub_20240905-20250905.png",
      "pr_plot": "/Users/xiaogouzuomeng/Documents/publication_stock_price_prediction/data/reports/plots/Semiconductors_PR_xgb_nocat_nopub_20240905-20250905.png"
    }
  },
  "withpub": {
    "logit": {
      "roc_auc": 0.5555555555555556,
      "pr_auc": 0.6609922986306828,
      "accuracy": 0.5,
      "classification_report": {
        "0": {
          "precision": 0.43636363636363634,
          "recall": 0.7741935483870968,
          "f1-score": 0.5581395348837209,
          "support": 31.0
        },
        "1": {
          "precision": 0.6666666666666666,
          "recall": 0.3111111111111111,
          "f1-score": 0.42424242424242425,
          "support": 45.0
        },
        "accuracy": 0.5,
        "macro avg": {
          "precision": 0.5515151515151515,
          "recall": 0.5426523297491039,
          "f1-score": 0.49119097956307256,
          "support": 76.0
        },
        "weighted avg": {
          "precision": 0.5727272727272728,
          "recall": 0.5,
          "f1-score": 0.4788583509513742,
          "support": 76.0
        }
      },
      "roc_plot": "/Users/xiaogouzuomeng/Documents/publication_stock_price_prediction/data/reports/plots/Semiconductors_ROC_logit_nocat_withpub_20240905-20250905.png",
      "pr_plot": "/Users/xiaogouzuomeng/Documents/publication_stock_price_prediction/data/reports/plots/Semiconductors_PR_logit_nocat_withpub_20240905-20250905.png"
    },
    "rf": {
      "roc_auc": 0.48602150537634403,
      "pr_auc": 0.5788602117939569,
      "accuracy": 0.5,
      "classification_report": {
        "0": {
          "precision": 0.4146341463414634,
          "recall": 0.5483870967741935,
          "f1-score": 0.4722222222222222,
          "support": 31.0
        },
        "1": {
          "precision": 0.6,
          "recall": 0.4666666666666667,
          "f1-score": 0.525,
          "support": 45.0
        },
        "accuracy": 0.5,
        "macro avg": {
          "precision": 0.5073170731707317,
          "recall": 0.5075268817204301,
          "f1-score": 0.4986111111111111,
          "support": 76.0
        },
        "weighted avg": {
          "precision": 0.524390243902439,
          "recall": 0.5,
          "f1-score": 0.5034722222222222,
          "support": 76.0
        }
      },
      "roc_plot": "/Users/xiaogouzuomeng/Documents/publication_stock_price_prediction/data/reports/plots/Semiconductors_ROC_rf_nocat_withpub_20240905-20250905.png",
      "pr_plot": "/Users/xiaogouzuomeng/Documents/publication_stock_price_prediction/data/reports/plots/Semiconductors_PR_rf_nocat_withpub_20240905-20250905.png"
    },
    "xgb": {
      "roc_auc": 0.5885304659498207,
      "pr_auc": 0.6576830645024312,
      "accuracy": 0.4342105263157895,
      "classification_report": {
        "0": {
          "precision": 0.38461538461538464,
          "recall": 0.6451612903225806,
          "f1-score": 0.4819277108433735,
          "support": 31.0
        },
        "1": {
          "precision": 0.5416666666666666,
          "recall": 0.28888888888888886,
          "f1-score": 0.37681159420289856,
          "support": 45.0
        },
        "accuracy": 0.4342105263157895,
        "macro avg": {
          "precision": 0.46314102564102566,
          "recall": 0.46702508960573474,
          "f1-score": 0.429369652523136,
          "support": 76.0
        },
        "weighted avg": {
          "precision": 0.4776062753036437,
          "recall": 0.4342105263157895,
          "f1-score": 0.4196879049378291,
          "support": 76.0
        }
      },
      "roc_plot": "/Users/xiaogouzuomeng/Documents/publication_stock_price_prediction/data/reports/plots/Semiconductors_ROC_xgb_nocat_withpub_20240905-20250905.png",
      "pr_plot": "/Users/xiaogouzuomeng/Documents/publication_stock_price_prediction/data/reports/plots/Semiconductors_PR_xgb_nocat_withpub_20240905-20250905.png"
    }
  }
}