feature,coef,importance,sign
vol_4w,0.3634487517592244,0.3634487517592244,1.0
ret_5d,-0.26860868745992256,0.26860868745992256,-1.0
vol_growth,0.056016457467595406,0.056016457467595406,1.0
