feature,importance
close_mean,0.26732016
vol_4w,0.15591551
top2_share,0.12516294
ret_1d,0.12093468
pub_4w,0.11441206
vol_growth,0.10852063
top1_count,0.10773398
