feature,importance
close_mean,0.41354147
vol_4w,0.21732391
ret_1d,0.18752764
vol_growth,0.18160696
