feature,importance
close_mean,0.48392897874335905
vol_4w,0.2108733516773541
ret_1d,0.17569638157747877
vol_growth,0.12950128800180813
