{
  "logit": {
    "roc_auc": 0.6008804108584006,
    "pr_auc": 0.7677679878567463,
    "classification_report": {
      "0": {
        "precision": 0.45161290322580644,
        "recall": 0.9655172413793104,
        "f1-score": 0.6153846153846154,
        "support": 29.0
      },
      "1": {
        "precision": 0.9285714285714286,
        "recall": 0.2765957446808511,
        "f1-score": 0.4262295081967213,
        "support": 47.0
      },
      "accuracy": 0.5394736842105263,
      "macro avg": {
        "precision": 0.6900921658986175,
        "recall": 0.6210564930300807,
        "f1-score": 0.5208070617906684,
        "support": 76.0
      },
      "weighted avg": {
        "precision": 0.7465740965316517,
        "recall": 0.5394736842105263,
        "f1-score": 0.4984071148868388,
        "support": 76.0
      }
    },
    "roc_plot": "/Users/xiaogouzuomeng/Documents/publication_stock_price_prediction/data/reports/plots/Semiconductors_ROC_logit_withcat.png",
    "pr_plot": "/Users/xiaogouzuomeng/Documents/publication_stock_price_prediction/data/reports/plots/Semiconductors_PR_logit_withcat.png"
  },
  "rf": {
    "roc_auc": 0.5649303008070432,
    "pr_auc": 0.7127118903140482,
    "classification_report": {
      "0": {
        "precision": 0.4032258064516129,
        "recall": 0.8620689655172413,
        "f1-score": 0.5494505494505495,
        "support": 29.0
      },
      "1": {
        "precision": 0.7142857142857143,
        "recall": 0.2127659574468085,
        "f1-score": 0.32786885245901637,
        "support": 47.0
      },
      "accuracy": 0.4605263157894737,
      "macro avg": {
        "precision": 0.5587557603686636,
        "recall": 0.537417461482025,
        "f1-score": 0.4386597009547829,
        "support": 76.0
      },
      "weighted avg": {
        "precision": 0.5955918020858598,
        "recall": 0.4605263157894737,
        "f1-score": 0.41241976315315404,
        "support": 76.0
      }
    },
    "roc_plot": "/Users/xiaogouzuomeng/Documents/publication_stock_price_prediction/data/reports/plots/Semiconductors_ROC_rf_withcat.png",
    "pr_plot": "/Users/xiaogouzuomeng/Documents/publication_stock_price_prediction/data/reports/plots/Semiconductors_PR_rf_withcat.png"
  },
  "xgb": {
    "roc_auc": 0.6052824651504035,
    "pr_auc": 0.7488687108925727,
    "classification_report": {
      "0": {
        "precision": 0.42857142857142855,
        "recall": 0.9310344827586207,
        "f1-score": 0.5869565217391305,
        "support": 29.0
      },
      "1": {
        "precision": 0.8461538461538461,
        "recall": 0.23404255319148937,
        "f1-score": 0.36666666666666664,
        "support": 47.0
      },
      "accuracy": 0.5,
      "macro avg": {
        "precision": 0.6373626373626373,
        "recall": 0.5825385179750551,
        "f1-score": 0.47681159420289854,
        "support": 76.0
      },
      "weighted avg": {
        "precision": 0.6868131868131867,
        "recall": 0.5,
        "f1-score": 0.4507246376811594,
        "support": 76.0
      }
    },
    "roc_plot": "/Users/xiaogouzuomeng/Documents/publication_stock_price_prediction/data/reports/plots/Semiconductors_ROC_xgb_withcat.png",
    "pr_plot": "/Users/xiaogouzuomeng/Documents/publication_stock_price_prediction/data/reports/plots/Semiconductors_PR_xgb_withcat.png"
  }
}