feature,coef,importance,sign
close_mean,-0.6934112198093232,0.6934112198093232,-1.0
vol_4w,-0.2705943565077341,0.2705943565077341,-1.0
vol_growth,0.1728656445174205,0.1728656445174205,1.0
ret_1d,-0.04828834049729367,0.04828834049729367,-1.0
