feature,importance
close_mean,0.2264091
pub_growth,0.18436167
pub_4w,0.17738761
vol_4w,0.1440303
ret_1d,0.13988665
vol_growth,0.12792471
