feature,importance
close_mean,0.24995716706602217
vol_4w,0.2338229330504501
pub_4w,0.2138930961892355
ret_1d,0.12479798020276547
vol_growth,0.12134084051729521
pub_growth,0.05618798297423152
