feature,importance
vol_4w,0.3399244031338155
close_mean,0.3317982405127482
ret_1d,0.16891142566783415
vol_growth,0.15936593068560223
