feature,importance
close_mean,0.30947438
vol_4w,0.29312116
vol_growth,0.20112962
ret_1d,0.19627486
