{
  "nopub": {
    "logit": {
      "roc_auc": 0.6225961538461539,
      "pr_auc": 0.7947864064892611,
      "accuracy": 0.6578947368421053,
      "classification_report": {
        "0": {
          "precision": 0.45454545454545453,
          "recall": 0.4166666666666667,
          "f1-score": 0.43478260869565216,
          "support": 24.0
        },
        "1": {
          "precision": 0.7407407407407407,
          "recall": 0.7692307692307693,
          "f1-score": 0.7547169811320755,
          "support": 52.0
        },
        "accuracy": 0.6578947368421053,
        "macro avg": {
          "precision": 0.5976430976430976,
          "recall": 0.592948717948718,
          "f1-score": 0.5947497949138638,
          "support": 76.0
        },
        "weighted avg": {
          "precision": 0.6503632819422293,
          "recall": 0.6578947368421053,
          "f1-score": 0.6536850740468892,
          "support": 76.0
        }
      },
      "roc_plot": "/Users/xiaogouzuomeng/Documents/publication_stock_price_prediction/data/reports/plots/Technology_ROC_logit_withcat_nopub_20240905-20250905.png",
      "pr_plot": "/Users/xiaogouzuomeng/Documents/publication_stock_price_prediction/data/reports/plots/Technology_PR_logit_withcat_nopub_20240905-20250905.png"
    },
    "rf": {
      "roc_auc": 0.6362179487179488,
      "pr_auc": 0.7898016501521613,
      "accuracy": 0.6578947368421053,
      "classification_report": {
        "0": {
          "precision": 0.45,
          "recall": 0.375,
          "f1-score": 0.4090909090909091,
          "support": 24.0
        },
        "1": {
          "precision": 0.7321428571428571,
          "recall": 0.7884615384615384,
          "f1-score": 0.7592592592592593,
          "support": 52.0
        },
        "accuracy": 0.6578947368421053,
        "macro avg": {
          "precision": 0.5910714285714286,
          "recall": 0.5817307692307692,
          "f1-score": 0.5841750841750842,
          "support": 76.0
        },
        "weighted avg": {
          "precision": 0.6430451127819549,
          "recall": 0.6578947368421053,
          "f1-score": 0.6486797802587276,
          "support": 76.0
        }
      },
      "roc_plot": "/Users/xiaogouzuomeng/Documents/publication_stock_price_prediction/data/reports/plots/Technology_ROC_rf_withcat_nopub_20240905-20250905.png",
      "pr_plot": "/Users/xiaogouzuomeng/Documents/publication_stock_price_prediction/data/reports/plots/Technology_PR_rf_withcat_nopub_20240905-20250905.png"
    },
    "xgb": {
      "roc_auc": 0.4871794871794872,
      "pr_auc": 0.685847079501096,
      "accuracy": 0.6710526315789473,
      "classification_report": {
        "0": {
          "precision": 0.4444444444444444,
          "recall": 0.16666666666666666,
          "f1-score": 0.24242424242424243,
          "support": 24.0
        },
        "1": {
          "precision": 0.7014925373134329,
          "recall": 0.9038461538461539,
          "f1-score": 0.7899159663865546,
          "support": 52.0
        },
        "accuracy": 0.6710526315789473,
        "macro avg": {
          "precision": 0.5729684908789386,
          "recall": 0.5352564102564102,
          "f1-score": 0.5161701044053986,
          "support": 76.0
        },
        "weighted avg": {
          "precision": 0.6203194553548049,
          "recall": 0.6710526315789473,
          "f1-score": 0.617023843030035,
          "support": 76.0
        }
      },
      "roc_plot": "/Users/xiaogouzuomeng/Documents/publication_stock_price_prediction/data/reports/plots/Technology_ROC_xgb_withcat_nopub_20240905-20250905.png",
      "pr_plot": "/Users/xiaogouzuomeng/Documents/publication_stock_price_prediction/data/reports/plots/Technology_PR_xgb_withcat_nopub_20240905-20250905.png"
    }
  },
  "withpub": {
    "logit": {
      "roc_auc": 0.6538461538461539,
      "pr_auc": 0.8211295773739964,
      "accuracy": 0.618421052631579,
      "classification_report": {
        "0": {
          "precision": 0.41935483870967744,
          "recall": 0.5416666666666666,
          "f1-score": 0.4727272727272727,
          "support": 24.0
        },
        "1": {
          "precision": 0.7555555555555555,
          "recall": 0.6538461538461539,
          "f1-score": 0.7010309278350515,
          "support": 52.0
        },
        "accuracy": 0.618421052631579,
        "macro avg": {
          "precision": 0.5874551971326165,
          "recall": 0.5977564102564102,
          "f1-score": 0.5868791002811621,
          "support": 76.0
        },
        "weighted avg": {
          "precision": 0.6493869081305415,
          "recall": 0.618421052631579,
          "f1-score": 0.6289350367483845,
          "support": 76.0
        }
      },
      "roc_plot": "/Users/xiaogouzuomeng/Documents/publication_stock_price_prediction/data/reports/plots/Technology_ROC_logit_withcat_withpub_20240905-20250905.png",
      "pr_plot": "/Users/xiaogouzuomeng/Documents/publication_stock_price_prediction/data/reports/plots/Technology_PR_logit_withcat_withpub_20240905-20250905.png"
    },
    "rf": {
      "roc_auc": 0.65625,
      "pr_auc": 0.7719328783285767,
      "accuracy": 0.6973684210526315,
      "classification_report": {
        "0": {
          "precision": 0.5384615384615384,
          "recall": 0.2916666666666667,
          "f1-score": 0.3783783783783784,
          "support": 24.0
        },
        "1": {
          "precision": 0.7301587301587301,
          "recall": 0.8846153846153846,
          "f1-score": 0.8,
          "support": 52.0
        },
        "accuracy": 0.6973684210526315,
        "macro avg": {
          "precision": 0.6343101343101343,
          "recall": 0.5881410256410257,
          "f1-score": 0.5891891891891892,
          "support": 76.0
        },
        "weighted avg": {
          "precision": 0.6696227748859328,
          "recall": 0.6973684210526315,
          "f1-score": 0.6668563300142247,
          "support": 76.0
        }
      },
      "roc_plot": "/Users/xiaogouzuomeng/Documents/publication_stock_price_prediction/data/reports/plots/Technology_ROC_rf_withcat_withpub_20240905-20250905.png",
      "pr_plot": "/Users/xiaogouzuomeng/Documents/publication_stock_price_prediction/data/reports/plots/Technology_PR_rf_withcat_withpub_20240905-20250905.png"
    },
    "xgb": {
      "roc_auc": 0.5528846153846154,
      "pr_auc": 0.6933116187157716,
      "accuracy": 0.6842105263157895,
      "classification_report": {
        "0": {
          "precision": 0.5,
          "recall": 0.08333333333333333,
          "f1-score": 0.14285714285714285,
          "support": 24.0
        },
        "1": {
          "precision": 0.6944444444444444,
          "recall": 0.9615384615384616,
          "f1-score": 0.8064516129032258,
          "support": 52.0
        },
        "accuracy": 0.6842105263157895,
        "macro avg": {
          "precision": 0.5972222222222222,
          "recall": 0.5224358974358975,
          "f1-score": 0.4746543778801843,
          "support": 76.0
        },
        "weighted avg": {
          "precision": 0.6330409356725145,
          "recall": 0.6842105263157895,
          "f1-score": 0.5968954644676207,
          "support": 76.0
        }
      },
      "roc_plot": "/Users/xiaogouzuomeng/Documents/publication_stock_price_prediction/data/reports/plots/Technology_ROC_xgb_withcat_withpub_20240905-20250905.png",
      "pr_plot": "/Users/xiaogouzuomeng/Documents/publication_stock_price_prediction/data/reports/plots/Technology_PR_xgb_withcat_withpub_20240905-20250905.png"
    }
  }
}