{
  "nopub": {
    "logit": {
      "roc_auc": 0.4924908424908425,
      "pr_auc": 0.58656003867566,
      "accuracy": 0.5231788079470199,
      "classification_report": {
        "0": {
          "precision": 0.4166666666666667,
          "recall": 0.5,
          "f1-score": 0.45454545454545453,
          "support": 60.0
        },
        "1": {
          "precision": 0.620253164556962,
          "recall": 0.5384615384615384,
          "f1-score": 0.5764705882352941,
          "support": 91.0
        },
        "accuracy": 0.5231788079470199,
        "macro avg": {
          "precision": 0.5184599156118144,
          "recall": 0.5192307692307692,
          "f1-score": 0.5155080213903743,
          "support": 151.0
        },
        "weighted avg": {
          "precision": 0.5393578673820102,
          "recall": 0.5231788079470199,
          "f1-score": 0.5280235152459538,
          "support": 151.0
        }
      },
      "roc_plot": "/Users/xiaogouzuomeng/Documents/publication_stock_price_prediction/data/reports/plots/Technology_ROC_logit_withcat_nopub_20230905-20250905.png",
      "pr_plot": "/Users/xiaogouzuomeng/Documents/publication_stock_price_prediction/data/reports/plots/Technology_PR_logit_withcat_nopub_20230905-20250905.png"
    },
    "rf": {
      "roc_auc": 0.4809523809523809,
      "pr_auc": 0.6104291798264179,
      "accuracy": 0.5298013245033113,
      "classification_report": {
        "0": {
          "precision": 0.4,
          "recall": 0.36666666666666664,
          "f1-score": 0.3826086956521739,
          "support": 60.0
        },
        "1": {
          "precision": 0.6041666666666666,
          "recall": 0.6373626373626373,
          "f1-score": 0.6203208556149733,
          "support": 91.0
        },
        "accuracy": 0.5298013245033113,
        "macro avg": {
          "precision": 0.5020833333333333,
          "recall": 0.502014652014652,
          "f1-score": 0.5014647756335736,
          "support": 151.0
        },
        "weighted avg": {
          "precision": 0.5230408388520971,
          "recall": 0.5298013245033113,
          "f1-score": 0.5258656927158477,
          "support": 151.0
        }
      },
      "roc_plot": "/Users/xiaogouzuomeng/Documents/publication_stock_price_prediction/data/reports/plots/Technology_ROC_rf_withcat_nopub_20230905-20250905.png",
      "pr_plot": "/Users/xiaogouzuomeng/Documents/publication_stock_price_prediction/data/reports/plots/Technology_PR_rf_withcat_nopub_20230905-20250905.png"
    },
    "xgb": {
      "roc_auc": 0.47600732600732604,
      "pr_auc": 0.5771144875733628,
      "accuracy": 0.5033112582781457,
      "classification_report": {
        "0": {
          "precision": 0.3770491803278688,
          "recall": 0.38333333333333336,
          "f1-score": 0.38016528925619836,
          "support": 60.0
        },
        "1": {
          "precision": 0.5888888888888889,
          "recall": 0.5824175824175825,
          "f1-score": 0.585635359116022,
          "support": 91.0
        },
        "accuracy": 0.5033112582781457,
        "macro avg": {
          "precision": 0.48296903460837887,
          "recall": 0.48287545787545794,
          "f1-score": 0.4829003241861102,
          "support": 151.0
        },
        "weighted avg": {
          "precision": 0.5047141702553709,
          "recall": 0.5033112582781457,
          "f1-score": 0.5039916227478802,
          "support": 151.0
        }
      },
      "roc_plot": "/Users/xiaogouzuomeng/Documents/publication_stock_price_prediction/data/reports/plots/Technology_ROC_xgb_withcat_nopub_20230905-20250905.png",
      "pr_plot": "/Users/xiaogouzuomeng/Documents/publication_stock_price_prediction/data/reports/plots/Technology_PR_xgb_withcat_nopub_20230905-20250905.png"
    }
  },
  "withpub": {
    "logit": {
      "roc_auc": 0.47289377289377293,
      "pr_auc": 0.5732107662056315,
      "accuracy": 0.5496688741721855,
      "classification_report": {
        "0": {
          "precision": 0.42857142857142855,
          "recall": 0.4,
          "f1-score": 0.41379310344827586,
          "support": 60.0
        },
        "1": {
          "precision": 0.6210526315789474,
          "recall": 0.6483516483516484,
          "f1-score": 0.6344086021505376,
          "support": 91.0
        },
        "accuracy": 0.5496688741721855,
        "macro avg": {
          "precision": 0.524812030075188,
          "recall": 0.5241758241758242,
          "f1-score": 0.5241008527994068,
          "support": 151.0
        },
        "weighted avg": {
          "precision": 0.5445700343574168,
          "recall": 0.5496688741721855,
          "f1-score": 0.5467468145867249,
          "support": 151.0
        }
      },
      "roc_plot": "/Users/xiaogouzuomeng/Documents/publication_stock_price_prediction/data/reports/plots/Technology_ROC_logit_withcat_withpub_20230905-20250905.png",
      "pr_plot": "/Users/xiaogouzuomeng/Documents/publication_stock_price_prediction/data/reports/plots/Technology_PR_logit_withcat_withpub_20230905-20250905.png"
    },
    "rf": {
      "roc_auc": 0.4652014652014652,
      "pr_auc": 0.5735487572977905,
      "accuracy": 0.4768211920529801,
      "classification_report": {
        "0": {
          "precision": 0.32075471698113206,
          "recall": 0.2833333333333333,
          "f1-score": 0.3008849557522124,
          "support": 60.0
        },
        "1": {
          "precision": 0.5612244897959183,
          "recall": 0.6043956043956044,
          "f1-score": 0.582010582010582,
          "support": 91.0
        },
        "accuracy": 0.4768211920529801,
        "macro avg": {
          "precision": 0.4409896033885252,
          "recall": 0.44386446886446884,
          "f1-score": 0.4414477688813972,
          "support": 151.0
        },
        "weighted avg": {
          "precision": 0.46567358669070524,
          "recall": 0.4768211920529801,
          "f1-score": 0.4703050351529517,
          "support": 151.0
        }
      },
      "roc_plot": "/Users/xiaogouzuomeng/Documents/publication_stock_price_prediction/data/reports/plots/Technology_ROC_rf_withcat_withpub_20230905-20250905.png",
      "pr_plot": "/Users/xiaogouzuomeng/Documents/publication_stock_price_prediction/data/reports/plots/Technology_PR_rf_withcat_withpub_20230905-20250905.png"
    },
    "xgb": {
      "roc_auc": 0.44084249084249083,
      "pr_auc": 0.5412162553838845,
      "accuracy": 0.5364238410596026,
      "classification_report": {
        "0": {
          "precision": 0.375,
          "recall": 0.25,
          "f1-score": 0.3,
          "support": 60.0
        },
        "1": {
          "precision": 0.5945945945945946,
          "recall": 0.7252747252747253,
          "f1-score": 0.6534653465346535,
          "support": 91.0
        },
        "accuracy": 0.5364238410596026,
        "macro avg": {
          "precision": 0.4847972972972973,
          "recall": 0.4876373626373626,
          "f1-score": 0.4767326732673267,
          "support": 151.0
        },
        "weighted avg": {
          "precision": 0.5073384642921067,
          "recall": 0.5364238410596026,
          "f1-score": 0.5130155399645925,
          "support": 151.0
        }
      },
      "roc_plot": "/Users/xiaogouzuomeng/Documents/publication_stock_price_prediction/data/reports/plots/Technology_ROC_xgb_withcat_withpub_20230905-20250905.png",
      "pr_plot": "/Users/xiaogouzuomeng/Documents/publication_stock_price_prediction/data/reports/plots/Technology_PR_xgb_withcat_withpub_20230905-20250905.png"
    }
  }
}