feature,coef,importance,sign
vol_4w,0.2579015952924823,0.2579015952924823,1.0
close_mean,-0.15347928003453679,0.15347928003453679,-1.0
ret_1d,-0.03497143676370706,0.03497143676370706,-1.0
vol_growth,0.010203206258600363,0.010203206258600363,1.0
