feature,importance
pub_4w,0.19003905
top3_4w_share,0.14505953
ret_5d,0.14400369
pub_growth,0.13842663
top5_4w_share,0.13338016
vol_4w,0.13050774
vol_growth,0.1185832
