{
  "nopub": {
    "logit": {
      "roc_auc": 0.7065217391304348,
      "pr_auc": 0.8096635715428123,
      "classification_report": {
        "0": {
          "precision": 0.30985915492957744,
          "recall": 0.9565217391304348,
          "f1-score": 0.46808510638297873,
          "support": 23.0
        },
        "1": {
          "precision": 0.75,
          "recall": 0.057692307692307696,
          "f1-score": 0.10714285714285714,
          "support": 52.0
        },
        "accuracy": 0.3333333333333333,
        "macro avg": {
          "precision": 0.5299295774647887,
          "recall": 0.5071070234113713,
          "f1-score": 0.2876139817629179,
          "support": 75.0
        },
        "weighted avg": {
          "precision": 0.6150234741784038,
          "recall": 0.3333333333333333,
          "f1-score": 0.21783181357649445,
          "support": 75.0
        }
      },
      "roc_plot": "/Users/xiaogouzuomeng/Documents/publication_stock_price_prediction/data/reports/plots/Technology_ROC_logit_withcat_nopub_20240905-20250905.png",
      "pr_plot": "/Users/xiaogouzuomeng/Documents/publication_stock_price_prediction/data/reports/plots/Technology_PR_logit_withcat_nopub_20240905-20250905.png"
    },
    "rf": {
      "roc_auc": 0.5978260869565218,
      "pr_auc": 0.7940868268725071,
      "classification_report": {
        "0": {
          "precision": 0.34375,
          "recall": 0.9565217391304348,
          "f1-score": 0.5057471264367817,
          "support": 23.0
        },
        "1": {
          "precision": 0.9090909090909091,
          "recall": 0.19230769230769232,
          "f1-score": 0.31746031746031744,
          "support": 52.0
        },
        "accuracy": 0.4266666666666667,
        "macro avg": {
          "precision": 0.6264204545454546,
          "recall": 0.5744147157190636,
          "f1-score": 0.41160372194854955,
          "support": 75.0
        },
        "weighted avg": {
          "precision": 0.735719696969697,
          "recall": 0.4266666666666667,
          "f1-score": 0.3752016055464331,
          "support": 75.0
        }
      },
      "roc_plot": "/Users/xiaogouzuomeng/Documents/publication_stock_price_prediction/data/reports/plots/Technology_ROC_rf_withcat_nopub_20240905-20250905.png",
      "pr_plot": "/Users/xiaogouzuomeng/Documents/publication_stock_price_prediction/data/reports/plots/Technology_PR_rf_withcat_nopub_20240905-20250905.png"
    },
    "xgb": {
      "roc_auc": 0.5543478260869565,
      "pr_auc": 0.7723265665510873,
      "classification_report": {
        "0": {
          "precision": 0.3384615384615385,
          "recall": 0.9565217391304348,
          "f1-score": 0.5,
          "support": 23.0
        },
        "1": {
          "precision": 0.9,
          "recall": 0.17307692307692307,
          "f1-score": 0.2903225806451613,
          "support": 52.0
        },
        "accuracy": 0.41333333333333333,
        "macro avg": {
          "precision": 0.6192307692307693,
          "recall": 0.564799331103679,
          "f1-score": 0.3951612903225806,
          "support": 75.0
        },
        "weighted avg": {
          "precision": 0.7277948717948719,
          "recall": 0.41333333333333333,
          "f1-score": 0.3546236559139785,
          "support": 75.0
        }
      },
      "roc_plot": "/Users/xiaogouzuomeng/Documents/publication_stock_price_prediction/data/reports/plots/Technology_ROC_xgb_withcat_nopub_20240905-20250905.png",
      "pr_plot": "/Users/xiaogouzuomeng/Documents/publication_stock_price_prediction/data/reports/plots/Technology_PR_xgb_withcat_nopub_20240905-20250905.png"
    }
  },
  "withpub": {
    "logit": {
      "roc_auc": 0.6931438127090301,
      "pr_auc": 0.8056897978170019,
      "classification_report": {
        "0": {
          "precision": 0.30985915492957744,
          "recall": 0.9565217391304348,
          "f1-score": 0.46808510638297873,
          "support": 23.0
        },
        "1": {
          "precision": 0.75,
          "recall": 0.057692307692307696,
          "f1-score": 0.10714285714285714,
          "support": 52.0
        },
        "accuracy": 0.3333333333333333,
        "macro avg": {
          "precision": 0.5299295774647887,
          "recall": 0.5071070234113713,
          "f1-score": 0.2876139817629179,
          "support": 75.0
        },
        "weighted avg": {
          "precision": 0.6150234741784038,
          "recall": 0.3333333333333333,
          "f1-score": 0.21783181357649445,
          "support": 75.0
        }
      },
      "roc_plot": "/Users/xiaogouzuomeng/Documents/publication_stock_price_prediction/data/reports/plots/Technology_ROC_logit_withcat_withpub_20240905-20250905.png",
      "pr_plot": "/Users/xiaogouzuomeng/Documents/publication_stock_price_prediction/data/reports/plots/Technology_PR_logit_withcat_withpub_20240905-20250905.png"
    },
    "rf": {
      "roc_auc": 0.608695652173913,
      "pr_auc": 0.7909809608487129,
      "classification_report": {
        "0": {
          "precision": 0.3620689655172414,
          "recall": 0.9130434782608695,
          "f1-score": 0.5185185185185185,
          "support": 23.0
        },
        "1": {
          "precision": 0.8823529411764706,
          "recall": 0.28846153846153844,
          "f1-score": 0.43478260869565216,
          "support": 52.0
        },
        "accuracy": 0.48,
        "macro avg": {
          "precision": 0.6222109533468559,
          "recall": 0.600752508361204,
          "f1-score": 0.47665056360708535,
          "support": 75.0
        },
        "weighted avg": {
          "precision": 0.7227991886409736,
          "recall": 0.48,
          "f1-score": 0.46046162104133115,
          "support": 75.0
        }
      },
      "roc_plot": "/Users/xiaogouzuomeng/Documents/publication_stock_price_prediction/data/reports/plots/Technology_ROC_rf_withcat_withpub_20240905-20250905.png",
      "pr_plot": "/Users/xiaogouzuomeng/Documents/publication_stock_price_prediction/data/reports/plots/Technology_PR_rf_withcat_withpub_20240905-20250905.png"
    },
    "xgb": {
      "roc_auc": 0.560200668896321,
      "pr_auc": 0.7679995886642453,
      "classification_report": {
        "0": {
          "precision": 0.3404255319148936,
          "recall": 0.6956521739130435,
          "f1-score": 0.45714285714285713,
          "support": 23.0
        },
        "1": {
          "precision": 0.75,
          "recall": 0.40384615384615385,
          "f1-score": 0.525,
          "support": 52.0
        },
        "accuracy": 0.49333333333333335,
        "macro avg": {
          "precision": 0.5452127659574468,
          "recall": 0.5497491638795986,
          "f1-score": 0.4910714285714286,
          "support": 75.0
        },
        "weighted avg": {
          "precision": 0.6243971631205674,
          "recall": 0.49333333333333335,
          "f1-score": 0.5041904761904762,
          "support": 75.0
        }
      },
      "roc_plot": "/Users/xiaogouzuomeng/Documents/publication_stock_price_prediction/data/reports/plots/Technology_ROC_xgb_withcat_withpub_20240905-20250905.png",
      "pr_plot": "/Users/xiaogouzuomeng/Documents/publication_stock_price_prediction/data/reports/plots/Technology_PR_xgb_withcat_withpub_20240905-20250905.png"
    }
  }
}