feature,coef,importance,sign
pub_growth,-0.4379282587409878,0.4379282587409878,-1.0
pub_4w,-0.2485573742702141,0.2485573742702141,-1.0
vol_growth,0.2075501517983537,0.2075501517983537,1.0
ret_5d,-0.20460851588789586,0.20460851588789586,-1.0
vol_4w,0.11147137100302233,0.11147137100302233,1.0
top3_4w_share,0.09963518899844978,0.09963518899844978,1.0
top5_4w_share,0.015561466713496458,0.015561466713496458,1.0
