feature,importance
close_mean,0.284826907419159
pub_4w,0.2074270070033765
ret_1d,0.16179001297819562
vol_4w,0.13912367096799935
vol_growth,0.11304017344620222
pub_growth,0.09379222818506726
