feature,importance
vol_4w,0.36926814372307315
ret_5d,0.32953831343982704
vol_growth,0.30119354283709987
