feature,importance
close_mean,0.27963211809744887
pub_4w,0.18340706022737552
vol_4w,0.16897402428980784
ret_1d,0.15110850013360014
vol_growth,0.1296320454201073
pub_growth,0.08724625183166031
