{
  "logit": {
    "roc_auc": 0.6346153846153846,
    "pr_auc": 0.7585258296011138,
    "classification_report": {
      "0": {
        "precision": 0.3150684931506849,
        "recall": 0.9583333333333334,
        "f1-score": 0.4742268041237113,
        "support": 24.0
      },
      "1": {
        "precision": 0.6666666666666666,
        "recall": 0.038461538461538464,
        "f1-score": 0.07272727272727272,
        "support": 52.0
      },
      "accuracy": 0.32894736842105265,
      "macro avg": {
        "precision": 0.4908675799086758,
        "recall": 0.4983974358974359,
        "f1-score": 0.27347703842549204,
        "support": 76.0
      },
      "weighted avg": {
        "precision": 0.555635664503725,
        "recall": 0.32894736842105265,
        "f1-score": 0.1995165984314112,
        "support": 76.0
      }
    },
    "roc_plot": "/Users/xiaogouzuomeng/Documents/publication_stock_price_prediction/data/reports/plots/Technology_ROC_logit_withcat.png",
    "pr_plot": "/Users/xiaogouzuomeng/Documents/publication_stock_price_prediction/data/reports/plots/Technology_PR_logit_withcat.png"
  },
  "rf": {
    "roc_auc": 0.5016025641025641,
    "pr_auc": 0.7036261694965469,
    "classification_report": {
      "0": {
        "precision": 0.28846153846153844,
        "recall": 0.625,
        "f1-score": 0.39473684210526316,
        "support": 24.0
      },
      "1": {
        "precision": 0.625,
        "recall": 0.28846153846153844,
        "f1-score": 0.39473684210526316,
        "support": 52.0
      },
      "accuracy": 0.39473684210526316,
      "macro avg": {
        "precision": 0.4567307692307692,
        "recall": 0.4567307692307692,
        "f1-score": 0.39473684210526316,
        "support": 76.0
      },
      "weighted avg": {
        "precision": 0.5187246963562753,
        "recall": 0.39473684210526316,
        "f1-score": 0.39473684210526316,
        "support": 76.0
      }
    },
    "roc_plot": "/Users/xiaogouzuomeng/Documents/publication_stock_price_prediction/data/reports/plots/Technology_ROC_rf_withcat.png",
    "pr_plot": "/Users/xiaogouzuomeng/Documents/publication_stock_price_prediction/data/reports/plots/Technology_PR_rf_withcat.png"
  },
  "xgb": {
    "roc_auc": 0.4887820512820513,
    "pr_auc": 0.7032562737347112,
    "classification_report": {
      "0": {
        "precision": 0.3142857142857143,
        "recall": 0.4583333333333333,
        "f1-score": 0.3728813559322034,
        "support": 24.0
      },
      "1": {
        "precision": 0.6829268292682927,
        "recall": 0.5384615384615384,
        "f1-score": 0.6021505376344086,
        "support": 52.0
      },
      "accuracy": 0.5131578947368421,
      "macro avg": {
        "precision": 0.4986062717770035,
        "recall": 0.4983974358974359,
        "f1-score": 0.487515946783306,
        "support": 76.0
      },
      "weighted avg": {
        "precision": 0.5665138455895837,
        "recall": 0.5131578947368421,
        "f1-score": 0.5297497434126597,
        "support": 76.0
      }
    },
    "roc_plot": "/Users/xiaogouzuomeng/Documents/publication_stock_price_prediction/data/reports/plots/Technology_ROC_xgb_withcat.png",
    "pr_plot": "/Users/xiaogouzuomeng/Documents/publication_stock_price_prediction/data/reports/plots/Technology_PR_xgb_withcat.png"
  }
}