feature,importance
pub_4w,0.20876026
close_mean,0.2001347
vol_4w,0.18980551
pub_growth,0.14348991
vol_growth,0.13522246
ret_1d,0.122587174
