feature,importance
close_mean,0.22736149
pub_4w,0.1912592
pub_growth,0.18242815
ret_1d,0.14995848
vol_4w,0.13159436
vol_growth,0.117398344
