feature,coef,importance,sign
vol_growth,0.180310836554401,0.180310836554401,1.0
ret_5d,-0.15076769635263348,0.15076769635263348,-1.0
vol_4w,0.13535711791196245,0.13535711791196245,1.0
