feature,importance
close_mean,0.38019539371237754
vol_4w,0.2464451961223769
ret_1d,0.2000273303577608
vol_growth,0.17333207980748483
