{
  "nopub": {
    "logit": {
      "roc_auc": 0.5970891672807663,
      "pr_auc": 0.6745956335255738,
      "classification_report": {
        "0": {
          "precision": 0.3826086956521739,
          "recall": 0.7457627118644068,
          "f1-score": 0.5057471264367817,
          "support": 59.0
        },
        "1": {
          "precision": 0.5833333333333334,
          "recall": 0.22826086956521738,
          "f1-score": 0.328125,
          "support": 92.0
        },
        "accuracy": 0.4304635761589404,
        "macro avg": {
          "precision": 0.48297101449275365,
          "recall": 0.4870117907148121,
          "f1-score": 0.41693606321839083,
          "support": 151.0
        },
        "weighted avg": {
          "precision": 0.5049045013916883,
          "recall": 0.4304635761589404,
          "f1-score": 0.3975270229123849,
          "support": 151.0
        }
      },
      "roc_plot": "/Users/xiaogouzuomeng/Documents/publication_stock_price_prediction/data/reports/plots/Technology_ROC_logit_nocat_nopub_20230905-20250905.png",
      "pr_plot": "/Users/xiaogouzuomeng/Documents/publication_stock_price_prediction/data/reports/plots/Technology_PR_logit_nocat_nopub_20230905-20250905.png"
    },
    "rf": {
      "roc_auc": 0.4911569638909359,
      "pr_auc": 0.6300229954518588,
      "classification_report": {
        "0": {
          "precision": 0.40425531914893614,
          "recall": 0.6440677966101694,
          "f1-score": 0.49673202614379086,
          "support": 59.0
        },
        "1": {
          "precision": 0.631578947368421,
          "recall": 0.391304347826087,
          "f1-score": 0.48322147651006714,
          "support": 92.0
        },
        "accuracy": 0.4900662251655629,
        "macro avg": {
          "precision": 0.5179171332586786,
          "recall": 0.5176860722181282,
          "f1-score": 0.48997675132692897,
          "support": 151.0
        },
        "weighted avg": {
          "precision": 0.5427571323687547,
          "recall": 0.4900662251655629,
          "f1-score": 0.4885004329894692,
          "support": 151.0
        }
      },
      "roc_plot": "/Users/xiaogouzuomeng/Documents/publication_stock_price_prediction/data/reports/plots/Technology_ROC_rf_nocat_nopub_20230905-20250905.png",
      "pr_plot": "/Users/xiaogouzuomeng/Documents/publication_stock_price_prediction/data/reports/plots/Technology_PR_rf_nocat_nopub_20230905-20250905.png"
    },
    "xgb": {
      "roc_auc": 0.47476050110537954,
      "pr_auc": 0.573463602133821,
      "classification_report": {
        "0": {
          "precision": 0.3761467889908257,
          "recall": 0.6949152542372882,
          "f1-score": 0.4880952380952381,
          "support": 59.0
        },
        "1": {
          "precision": 0.5714285714285714,
          "recall": 0.2608695652173913,
          "f1-score": 0.3582089552238806,
          "support": 92.0
        },
        "accuracy": 0.4304635761589404,
        "macro avg": {
          "precision": 0.4737876802096985,
          "recall": 0.4778924097273397,
          "f1-score": 0.42315209665955933,
          "support": 151.0
        },
        "weighted avg": {
          "precision": 0.4951264180257436,
          "recall": 0.4304635761589404,
          "f1-score": 0.40895922469017254,
          "support": 151.0
        }
      },
      "roc_plot": "/Users/xiaogouzuomeng/Documents/publication_stock_price_prediction/data/reports/plots/Technology_ROC_xgb_nocat_nopub_20230905-20250905.png",
      "pr_plot": "/Users/xiaogouzuomeng/Documents/publication_stock_price_prediction/data/reports/plots/Technology_PR_xgb_nocat_nopub_20230905-20250905.png"
    }
  },
  "withpub": {
    "logit": {
      "roc_auc": 0.5906411201179071,
      "pr_auc": 0.6603651424946239,
      "classification_report": {
        "0": {
          "precision": 0.3865546218487395,
          "recall": 0.7796610169491526,
          "f1-score": 0.5168539325842697,
          "support": 59.0
        },
        "1": {
          "precision": 0.59375,
          "recall": 0.20652173913043478,
          "f1-score": 0.3064516129032258,
          "support": 92.0
        },
        "accuracy": 0.4304635761589404,
        "macro avg": {
          "precision": 0.4901523109243697,
          "recall": 0.4930913780397937,
          "f1-score": 0.4116527727437478,
          "support": 151.0
        },
        "weighted avg": {
          "precision": 0.512792865490567,
          "recall": 0.4304635761589404,
          "f1-score": 0.38866179079184565,
          "support": 151.0
        }
      },
      "roc_plot": "/Users/xiaogouzuomeng/Documents/publication_stock_price_prediction/data/reports/plots/Technology_ROC_logit_nocat_withpub_20230905-20250905.png",
      "pr_plot": "/Users/xiaogouzuomeng/Documents/publication_stock_price_prediction/data/reports/plots/Technology_PR_logit_nocat_withpub_20230905-20250905.png"
    },
    "rf": {
      "roc_auc": 0.4793662490788504,
      "pr_auc": 0.5969466067250047,
      "classification_report": {
        "0": {
          "precision": 0.358695652173913,
          "recall": 0.559322033898305,
          "f1-score": 0.4370860927152318,
          "support": 59.0
        },
        "1": {
          "precision": 0.559322033898305,
          "recall": 0.358695652173913,
          "f1-score": 0.4370860927152318,
          "support": 92.0
        },
        "accuracy": 0.4370860927152318,
        "macro avg": {
          "precision": 0.459008843036109,
          "recall": 0.459008843036109,
          "f1-score": 0.4370860927152318,
          "support": 151.0
        },
        "weighted avg": {
          "precision": 0.48093159335698626,
          "recall": 0.4370860927152318,
          "f1-score": 0.4370860927152318,
          "support": 151.0
        }
      },
      "roc_plot": "/Users/xiaogouzuomeng/Documents/publication_stock_price_prediction/data/reports/plots/Technology_ROC_rf_nocat_withpub_20230905-20250905.png",
      "pr_plot": "/Users/xiaogouzuomeng/Documents/publication_stock_price_prediction/data/reports/plots/Technology_PR_rf_nocat_withpub_20230905-20250905.png"
    },
    "xgb": {
      "roc_auc": 0.4309137803979366,
      "pr_auc": 0.5680919643170801,
      "classification_report": {
        "0": {
          "precision": 0.34545454545454546,
          "recall": 0.6440677966101694,
          "f1-score": 0.44970414201183434,
          "support": 59.0
        },
        "1": {
          "precision": 0.4878048780487805,
          "recall": 0.21739130434782608,
          "f1-score": 0.3007518796992481,
          "support": 92.0
        },
        "accuracy": 0.3841059602649007,
        "macro avg": {
          "precision": 0.41662971175166297,
          "recall": 0.43072955047899775,
          "f1-score": 0.37522801085554125,
          "support": 151.0
        },
        "weighted avg": {
          "precision": 0.4321845494192449,
          "recall": 0.3841059602649007,
          "f1-score": 0.35895177027171554,
          "support": 151.0
        }
      },
      "roc_plot": "/Users/xiaogouzuomeng/Documents/publication_stock_price_prediction/data/reports/plots/Technology_ROC_xgb_nocat_withpub_20230905-20250905.png",
      "pr_plot": "/Users/xiaogouzuomeng/Documents/publication_stock_price_prediction/data/reports/plots/Technology_PR_xgb_nocat_withpub_20230905-20250905.png"
    }
  }
}