{
  "nopub": {
    "logit": {
      "roc_auc": 0.4567307692307693,
      "pr_auc": 0.6683799934958292,
      "accuracy": 0.5263157894736842,
      "classification_report": {
        "0": {
          "precision": 0.16666666666666666,
          "recall": 0.125,
          "f1-score": 0.14285714285714285,
          "support": 24.0
        },
        "1": {
          "precision": 0.6379310344827587,
          "recall": 0.7115384615384616,
          "f1-score": 0.6727272727272727,
          "support": 52.0
        },
        "accuracy": 0.5263157894736842,
        "macro avg": {
          "precision": 0.40229885057471265,
          "recall": 0.4182692307692308,
          "f1-score": 0.4077922077922078,
          "support": 76.0
        },
        "weighted avg": {
          "precision": 0.4891107078039928,
          "recall": 0.5263157894736842,
          "f1-score": 0.5053998632946002,
          "support": 76.0
        }
      },
      "roc_plot": "/Users/xiaogouzuomeng/Documents/publication_stock_price_prediction/data/reports/plots/Technology_ROC_logit_nocat_nopub_20240905-20250905.png",
      "pr_plot": "/Users/xiaogouzuomeng/Documents/publication_stock_price_prediction/data/reports/plots/Technology_PR_logit_nocat_nopub_20240905-20250905.png"
    },
    "rf": {
      "roc_auc": 0.5072115384615384,
      "pr_auc": 0.7150669406963852,
      "accuracy": 0.5526315789473685,
      "classification_report": {
        "0": {
          "precision": 0.3076923076923077,
          "recall": 0.3333333333333333,
          "f1-score": 0.32,
          "support": 24.0
        },
        "1": {
          "precision": 0.68,
          "recall": 0.6538461538461539,
          "f1-score": 0.6666666666666666,
          "support": 52.0
        },
        "accuracy": 0.5526315789473685,
        "macro avg": {
          "precision": 0.4938461538461539,
          "recall": 0.4935897435897436,
          "f1-score": 0.4933333333333333,
          "support": 76.0
        },
        "weighted avg": {
          "precision": 0.5624291497975709,
          "recall": 0.5526315789473685,
          "f1-score": 0.5571929824561404,
          "support": 76.0
        }
      },
      "roc_plot": "/Users/xiaogouzuomeng/Documents/publication_stock_price_prediction/data/reports/plots/Technology_ROC_rf_nocat_nopub_20240905-20250905.png",
      "pr_plot": "/Users/xiaogouzuomeng/Documents/publication_stock_price_prediction/data/reports/plots/Technology_PR_rf_nocat_nopub_20240905-20250905.png"
    },
    "xgb": {
      "roc_auc": 0.500801282051282,
      "pr_auc": 0.7003674833165311,
      "accuracy": 0.5526315789473685,
      "classification_report": {
        "0": {
          "precision": 0.2916666666666667,
          "recall": 0.2916666666666667,
          "f1-score": 0.2916666666666667,
          "support": 24.0
        },
        "1": {
          "precision": 0.6730769230769231,
          "recall": 0.6730769230769231,
          "f1-score": 0.6730769230769231,
          "support": 52.0
        },
        "accuracy": 0.5526315789473685,
        "macro avg": {
          "precision": 0.48237179487179493,
          "recall": 0.48237179487179493,
          "f1-score": 0.48237179487179493,
          "support": 76.0
        },
        "weighted avg": {
          "precision": 0.5526315789473685,
          "recall": 0.5526315789473685,
          "f1-score": 0.5526315789473685,
          "support": 76.0
        }
      },
      "roc_plot": "/Users/xiaogouzuomeng/Documents/publication_stock_price_prediction/data/reports/plots/Technology_ROC_xgb_nocat_nopub_20240905-20250905.png",
      "pr_plot": "/Users/xiaogouzuomeng/Documents/publication_stock_price_prediction/data/reports/plots/Technology_PR_xgb_nocat_nopub_20240905-20250905.png"
    }
  },
  "withpub": {
    "logit": {
      "roc_auc": 0.46153846153846156,
      "pr_auc": 0.6609434773734969,
      "accuracy": 0.5657894736842105,
      "classification_report": {
        "0": {
          "precision": 0.2857142857142857,
          "recall": 0.25,
          "f1-score": 0.26666666666666666,
          "support": 24.0
        },
        "1": {
          "precision": 0.6727272727272727,
          "recall": 0.7115384615384616,
          "f1-score": 0.6915887850467289,
          "support": 52.0
        },
        "accuracy": 0.5657894736842105,
        "macro avg": {
          "precision": 0.4792207792207792,
          "recall": 0.4807692307692308,
          "f1-score": 0.47912772585669783,
          "support": 76.0
        },
        "weighted avg": {
          "precision": 0.5505126452494874,
          "recall": 0.5657894736842105,
          "f1-score": 0.5574028529267093,
          "support": 76.0
        }
      },
      "roc_plot": "/Users/xiaogouzuomeng/Documents/publication_stock_price_prediction/data/reports/plots/Technology_ROC_logit_nocat_withpub_20240905-20250905.png",
      "pr_plot": "/Users/xiaogouzuomeng/Documents/publication_stock_price_prediction/data/reports/plots/Technology_PR_logit_nocat_withpub_20240905-20250905.png"
    },
    "rf": {
      "roc_auc": 0.5496794871794872,
      "pr_auc": 0.68810337831373,
      "accuracy": 0.6710526315789473,
      "classification_report": {
        "0": {
          "precision": 0.4,
          "recall": 0.08333333333333333,
          "f1-score": 0.13793103448275862,
          "support": 24.0
        },
        "1": {
          "precision": 0.6901408450704225,
          "recall": 0.9423076923076923,
          "f1-score": 0.7967479674796748,
          "support": 52.0
        },
        "accuracy": 0.6710526315789473,
        "macro avg": {
          "precision": 0.5450704225352112,
          "recall": 0.5128205128205128,
          "f1-score": 0.4673395009812167,
          "support": 76.0
        },
        "weighted avg": {
          "precision": 0.5985174203113417,
          "recall": 0.6710526315789473,
          "f1-score": 0.5887005149543328,
          "support": 76.0
        }
      },
      "roc_plot": "/Users/xiaogouzuomeng/Documents/publication_stock_price_prediction/data/reports/plots/Technology_ROC_rf_nocat_withpub_20240905-20250905.png",
      "pr_plot": "/Users/xiaogouzuomeng/Documents/publication_stock_price_prediction/data/reports/plots/Technology_PR_rf_nocat_withpub_20240905-20250905.png"
    },
    "xgb": {
      "roc_auc": 0.5288461538461539,
      "pr_auc": 0.6740481268533853,
      "accuracy": 0.6842105263157895,
      "classification_report": {
        "0": {
          "precision": 0.5,
          "recall": 0.08333333333333333,
          "f1-score": 0.14285714285714285,
          "support": 24.0
        },
        "1": {
          "precision": 0.6944444444444444,
          "recall": 0.9615384615384616,
          "f1-score": 0.8064516129032258,
          "support": 52.0
        },
        "accuracy": 0.6842105263157895,
        "macro avg": {
          "precision": 0.5972222222222222,
          "recall": 0.5224358974358975,
          "f1-score": 0.4746543778801843,
          "support": 76.0
        },
        "weighted avg": {
          "precision": 0.6330409356725145,
          "recall": 0.6842105263157895,
          "f1-score": 0.5968954644676207,
          "support": 76.0
        }
      },
      "roc_plot": "/Users/xiaogouzuomeng/Documents/publication_stock_price_prediction/data/reports/plots/Technology_ROC_xgb_nocat_withpub_20240905-20250905.png",
      "pr_plot": "/Users/xiaogouzuomeng/Documents/publication_stock_price_prediction/data/reports/plots/Technology_PR_xgb_nocat_withpub_20240905-20250905.png"
    }
  }
}